error list,fixes
"(0x0005,0x0059) LO PrivateCreator - Error - Private creator is not LO VR; Explicit <PN> Overriding VR with <LO>","(0x0005,0x0059) LO PrivateCreator - Error - Private creator is not LO VR; Explicit <PN> Overriding VR with <LO>  %%% FIX IS - delete tag %%%"
LO PrivateCreator  - Error - Bad private owner value - element must be greater than or equal to 0x0010,"LO PrivateCreator  - Error - Bad private owner value - element must be greater than or equal to 0x0010 
***There will be a value in parenthesis preceeding the error, for example: (0x0005,0x0005) LO PrivateCreator  - Error - Bad private owner value - element must be greater than or equal to 0x0010***
%%% FIX IS -  (NOTE: this is the same fix for all private tags with this DCIODVFY error ""Bad private owner value"").
A. set_tag <(0010,0030)> <01021900> <> (Note: the set_tag edit does not have to be for this specific tag, any edit will ""force"" Posda to update the series associated with error. You can use any tag that is not important to the collection, such as the Accession Number DICOM tag; the value in the set_tag is not important as long as it is consistent with the VR).
delete_tag <(0005,0005)> <> <> (Note: replace the tag with the appropriate Private tag as indicated in the error e.g. 0x0005, 0x0005 is equivalent to Private tag 0005,0005)
B. Run BackgroundEditTP and import edits
C. If necessary, remember to fix the tag that was set in A, in this example, empty_tag <(0010,0030)> (Note: this must be the same tag that was set in A to ""force"" Posda to update the series.) %%%"
"Attribute with an odd group number is not in a legal private group - (0x0005,0x0005) LO PrivateCreator","Attribute with an odd group number is not in a legal private group - (0x0005,0x0005) LO PrivateCreator %%% FIX IS -  delete tag %%%"
Code Value is illegal or deprecated - attribute <CodeValue> = ,"Code Value is illegal or deprecated - attribute <CodeValue> =  %%% FIX IS - This code is no longer in use. Look up the appropriate sequence where this value appears and amend the code value (0008,0100) and coding scheme designator(0008,0102) to proper values. https://dicom.nema.org/medical/dicom/2014c/output/chtml/part16/sect_CID_4014.html. %%%"
Bad attribute Value Multiplicity 3 (4 Required by Module definition) Element=<FrameType> Module=<CTImageFrameTypeMacro>,"Bad attribute Value Multiplicity 3 (4 Required by Module definition) Element=<FrameType> Module=<CTImageFrameTypeMacro> %%% FIX IS - This is an enhanced CT volume and so it needs 4 entries here:
B. set_tag <..(0008,9007)[0]> <ORIGINAL>
C. set_tag <..(0008,9007)[1]> <PRIMARY>
D. set_tag <..(0008,9007)[2]> <VOLUME>
E. set_tag <..(0008,9007)[3]> <NONE> %%%"
Bad attribute Value Multiplicity 3 (4 Required by Module definition) Element=<ImageType> Module=<EnhancedCTImage>,"Bad attribute Value Multiplicity 3 (4 Required by Module definition) Element=<ImageType> Module=<EnhancedCTImage> %%% FIX IS - This is an enhanced CT volume and so it needs 4 entries here:
B. set_tag <(0008,0008)[0]> <ORIGINAL>
C. set_tag <(0008,0008)[1]> <PRIMARY>
D. set_tag <(0008,0008)[2]> <VOLUME> %%%
"
"Bad group - (0x0005,0x0005) ","Bad group - (0x0005,0x0005) %%% FIX IS - delete tag %%%"
Bad Sequence number of Items 0 (1-n Required by Module definition) Element=<ContourSequence> Module=<ROIContour>,"Bad Sequence number of Items 0 (1-n Required by Module definition) Element=<ContourSequence> Module=<ROIContour> %%% FIX IS - This means the Sequence is empty and it should not be empty in the ROI Contour Sequence (3006,0039) Contour Sequence Module (3006,0040). You may have to search through to find the empty Contour Sequence, it could be buried in between Contour Sequences that are not empty %%%"
Bad Sequence number of Items 0 (1-n Required by Module definition) Element=<ReferencedStudySequence> Module=<GeneralStudy>,Bad Sequence number of Items 0 (1-n Required by Module definition) Element=<ReferencedStudySequence> Module=<GeneralStudy> %%% FIX IS - This means the Sequence is empty. Look at the Sequence in the Element=<> brackets and at the Module <>. %%%
Bad Sequence number of Items 0 (1 Required by Module definition) Element=<AdministrationRouteCodeSequence> Module=<PETIsotope>,"Bad Sequence number of Items 0 (1 Required by Module definition) Element=<AdministrationRouteCodeSequence> Module=<PETIsotope> %%% FIX IS - Search in the DICOM Header using Quince for an AdministrationRouteCodeSequence that has 0 elements and if type 3 for the modality delete the tag. delete_tag <(0054,0302)> %%%"
"Frame Increment Pointer value is not present in dataset for value 0, which is (0x0018,0x1063) Frame Time",
"Invalid Value Representation - Pixel Data - VR = OB, Explicit VR, Bits Allocated = 16 exceeds 8 ","Invalid Value Representation - Pixel Data - VR = OB, Explicit VR, Bits Allocated = 16 exceeds 8 %%% FIX IS - If (0028,7FE0) is present, delete_tag (7fe0,0010) as it's only Required if Pixel Data Provider URL
(0028,7FE0) is not present. If (0028,7FE0) is not present, ignore error %%%"
"Length invalid for this VR : 20, expected <= 16","Length invalid for this VR : 20, expected <= 16 %%% FIX IS - to either shorten text or IGNORE - Posda will truncate %%%"
"Length invalid for this VR : 24, expected <= 16 ","Length invalid for this VR : 24, expected <= 16 %%% FIX IS - to either shorten text or IGNORE - Posda will truncate %%%"
"Length invalid for this VR : 30, expected <= 16","Length invalid for this VR : 30, expected <= 16 %%% FIX IS - to either shorten text or IGNORE - Posda will truncate %%%"
"Length invalid for this VR : 17, expected <= 16","Length invalid for this VR : 17, expected <= 16 %%% FIX IS - to either shorten text or IGNORE - Posda will truncate %%%"
"Length invalid for this VR : 18, expected <= 16","Length invalid for this VR : 18, expected <= 16 %%% FIX IS - to either shorten text or IGNORE - Posda will truncate %%%"
Lookup Table Data bad - Red Palette Color LUT - LUT Descriptor number of bits = 8 but maximum LUT Data value is 0 ,
LookupTableData bad - Blue Palette Color LUT - LUT Descriptor number of bits = 8 but maximum LUT Data value is 0,
LookupTableData bad - Green Palette Color LUT - LUT Descriptor number of bits = 8 but maximum LUT Data value is 0,
LookupTableData bad - Red Palette Color LUT - LUT Descriptor number of bits = 8 but maximum LUT Data value is 0,
Lookup Table Data bad - VOI LUT - LUT Descriptor number of bits,"Lookup Table Data bad - VOI LUT - LUT Descriptor number of bits  %%% FIX IS - ask site for help, if possible. Otherwise, ignore error %%%"
Lookup Table Data bad - VOI LUT - LUT Descriptor number of bits = 16 but maximum LUT Data value is 0x3ff,"Lookup Table Data bad - VOI LUT - LUT Descriptor number of bits = 16 but maximum LUT Data value is 0x3ff %%% FIX IS - Get help from site, otherwise ignore %%%"
Lookup Table Data has wrong length - Blue Palette Color LUT - LUT Descriptor number of,"%%% Ignore error and any text following ""entries ="" %%%"
Lookup Table Data has wrong length - Green Palette Color LUT - LUT Descriptor number of,"%%% Ignore error and any text following ""entries ="" %%%"
Lookup Table Data has wrong length - Red Palette Color LUT - LUT Descriptor number of,"%%% Ignore error and any text following ""entries ="" %%%"
LookupTableData has wrong length - Blue Palette Color LUT - LUT Descriptor number of ,"%%% Ignore error and any text following ""entries ="" %%%"
LookupTableData has wrong length - Green Palette Color LUT - LUT Descriptor number of ,"%%% Ignore error and any text following ""entries ="" %%%"
LookupTableData has wrong length - Red Palette Color LUT - LUT Descriptor number of ,"%%% Ignore error and any text following ""entries ="" %%%"
Not permitted to be < 1 unless VOI LUT Function is LINEAR_EXACT or SIGMOID - attribute <WindowWidth> = ,"Not permitted to be < 1 unless VOI LUT Function is LINEAR_EXACT or SIGMOID - attribute <WindowWidth> = 
 %%% FIX IS - 
A.  For 8 bit US, set_tag <(0028,1051)> <256> <> and set _tag <(0028,1050)> <128> <> 
B.  If Window Width and Window Center are both <1, ignore the error %%%"
Not permitted to be < 1 unless VOILUTFunction is LINEAR_EXACT or SIGMOID - attribute <WindowWidth>,"Not permitted to be < 1 unless VOILUTFunction is LINEAR_EXACT or SIGMOID - attribute <WindowWidth> 
%%% FIX IS - 
A.  For 8 bit US, set_tag <(0028,1051)> <256> <> and set _tag <(0028,1050)> <128> <> 
B.  If Window Width and Window Center are both <1, ignore the error %%%"
"Number of values in vector does not match Number of Frames for Attribute (0x0054,0x0080) Slice Vector","Number of values in vector does not match Number of Frames for Attribute (0x0054,0x0080) Slice Vector %%% FIX IS -  see DCIODVFY Errors and Fixes Document %%%"
Orientation vector is not unit vector for column vector of ImageOrientationPatient - values are,"Orientation vector is not unit vector for column vector of ImageOrientationPatient - values are %%% FIX IS - You can ignore, disregard the extra text (the 3 numbers that follow ""values are"" %%%"
Orientation vector is not unit vector for  vector of VelocityEncodingDirection - values are 0\0\0,
Orientation vectors are not orthogonal for row vector of ImageOrientationPatient (-3.42285e-08\0.000261643\1) and column vector of ImageOrientationPatient (-0.000261643\1\0.000261643) ,"Orientation vectors are not orthogonal for row vector of ImageOrientationPatient %%% FIX IS - You can ignore this error and disregard the extra ""leftover"" text from the error %%%"
Referenced File ID is empty or has empty components,"Referenced File ID is empty or has empty components %%% FIX IS - delete_tag	<(0004,1500)>	Or other group 4 tags; there should be no group 4 tags %%%"
Scaled numeric values for same concept are inconsistent,"Scaled numeric values for same concept are inconsistent %%% FIX IS - set_tag (0018,1153) to value in Exposure * 1000. For example, if Exposure=70, then set_tag (0018,1153) <7000> %%%"
"Specified number of vector values does not match actual values in vector for Attribute (0x0054,0x0021) Number of Detectors, which has value ","Specified number of vector values does not match actual values in vector for Attribute (0x0054,0x0021) Number of Detectors, which has value %%% FIX IS - we cannot fix, ignore. There will be ""leftover"" text from the DCIODVFY error. All text following the word ""value"" is exta and can be ignored. %%%"
"Tag:  (0018,9311) FD 1 Spiral Pitch Factor : Non-numeric attribute while verifying not zero value","Tag:  (0018,9311) FD 1 Spiral Pitch Factor : Non-numeric attribute while verifying not zero value %%% FIX IS - see DCIODVFY Errors and Fixes Document %%%"
"Tag: (0005,0006) : Invalid Value for VR : _x005F_x0001_ : Character invalid for this VR : '' (0x1) ","Tag: (0005,0006) : Invalid Value for VR : _x005F_x0001_ : Character invalid for this VR : '' (0x1) %%% FIX IS - delete tag %%%"
"Tag: (0005,0006) : Invalid Value for VR : <unspec> : Trailing character invalid for this VR : '' (0) ","Tag: (0005,0006) : Invalid Value for VR : <unspec> : Trailing character invalid for this VR : '' (0) %%% FIX IS - delete tag %%%"
"Tag: (0008,0005) CS 1-n Specific Character Set : Empty attribute (no value) Type 1C Conditional Element per module SOPCommon","Tag: (0008,0005) CS 1-n Specific Character Set : Empty attribute (no value) Type 1C Conditional Element per module SOPCommon %%% FIX IS - delete_tag <(0008,0005)> <> %%%"
"Tag: (0008,0008) CS 2-n Image Type : has an unrecognized enumerated value (SECONDARY) in index 2","Tag: (0008,0008) CS 2-n Image Type : has an unrecognized enumerated value (SECONDARY) in index 2 %%% FIX IS - This is a multivalued tag, the value in the 2nd position (value 2) is not correct. For PET images, set_tag <(0008,0008)[1]> <PRIMARY> <>. For other modalities review the image and determine the correct value, it should be either PRIMARY or SECONDARY. See innolitics.com for more information. %%%"
"Tag: (0008,0008) CS 2-n Image Type: A value is required for value 3 in MR Images","Tag: (0008,0008) CS 2-n Image Type: A value is required for value 3 in MR Images %%% FIX IS - This is a multivalued tag, the value in the 3rd position (value 3) is missing. Review the image and determine the correct value for value 3. Value 3 identifies any IOD specfic specialization; this is often set to OTHER; for example, set_tag <(0008,0008)[3]> <OTHER> <>.  See innolitics.com for more information. %%%"
"Tag: (0008,0008) CS 2-n Image Type: Empty attribute (no value) Type 1 Required Element per module MRImage","Tag: (0008,0008) CS 2-n Image Type: Empty attribute (no value) Type 1 Required Element per module MRImage %%% FIX IS - This is a multivalued tag, there are 3 values required for MR images. Review the image and determine the correct value for all 3 values. for example, these 3 edits will set the image type to ORIGINAL/PRIMARY/OTHER: set_tag <(0008,0008)[0]> <ORIGINAL> <>, set_tag <(0008,0008)[1]> <PRIMARY> <>,set_tag <(0008,0008)[2]> <OTHER> <>. See innolitics.com for more information. %%%"
"Tag: (0008,0008) CS 2-n Image Type : A value is required for value 3 in CT Images","Tag: (0008,0008) CS 2-n Image Type : A value is required for value 3 in CT Images %%% FIX IS - This is a multivalued tag, the value in the 3rd position (value 3) is missing. Review the image and determine the correct value for value 3. Value 3 identifies any IOD specfic specialization; this is often set to OTHER; for example, set_tag <(0008,0008)[3]> <OTHER> <>.  See innolitics.com for more information. %%%"
"Tag: (0008,0008) CS 2-n Image Type : has bad value multiplicity : 1 vs 2-n : per GeneralImage","Tag: (0008,0008) CS 2-n Image Type : has bad value multiplicity : 1 vs 2-n : per GeneralImage %%% FIX IS - This is a multivalued tag, there is a missing value, for example, the image type might be ORIGINAL/PRIMARY. If that is the case , set_tag <(0008,0008)[0]> <ORIGINAL> <>, set_tag <(0008,0008)[1]> <PRIMARY> <>. Review the image to determine the correct values.  See innolitics.com for more information. %%%"
"Tag: (0008,0008) CS 2-n Image Type : Invalid Value for VR : Derived : Character invalid for this VR : 'd'","Tag: (0008,0008) CS 2-n Image Type : Invalid Value for VR : Derived : Character invalid for this VR : 'd' (0x64) %%% FIX IS - This error is because the value is in lowercase and it should be all in capitals for the VR CS. There are likely other DCIODVFY errors associated with the other lowercase characters but similar to to this error. Review the error and/or the image and determine correct value. For example, the ""d"" is probably a part of the word derived. If that is the case, <(0008,0008)[0]> <DERIVED> <> .  See innolitics.com for more information. %%%"
"Tag: (0008,0008) CS 2-n Image Type : has an unrecognized enumerated value (Derived) in index 1 ","Tag: (0008,0008) CS 2-n Image Type : has an unrecognized enumerated value (Derived) in index 1 %%% FIX IS - set_tag <(0008,0008)[0]> <DERIVED> <>. See innolitics.com for more information. %%%"
"Tag: (0008,0008) CS 2-n Image Type : has bad value multiplicity : 1 vs 2-n : per CTImage ","Tag: (0008,0008) CS 2-n Image Type : has bad value multiplicity : 1 vs 2-n : per per CTImage  %%% FIX IS - This is a CT image and requires 3 values, there is a missing value, for example, the image type might be ORIGINAL/PRIMARY/OTHER. If that is the case , set_tag <(0008,0008)[0]> <ORIGINAL> <>, set_tag <(0008,0008)[1]> <PRIMARY> <>, set_tag <(0008,0008)[2]> <OTHER> <>. Review the image to determine the correct values.  See innolitics.com for more information. %%%"
"Tag: (0008,0008) CS 2-n Image Type : Empty attribute (no value) Type 1 Required Element per module PETImage ","Tag: (0008,0008) CS 2-n Image Type : Empty attribute (no value) Type 1 Required Element per module PETImage %%% FIX IS - This is a PET image. This is a multivalued tag (for example, ORIGINAL/PRIMARY), review the image.  For value 1, it should be ORIGINAL or DERIVED.Set the tag appropriately, for example, to fix value 1 set_tag <(0008,0008)[0]> <ORIGINAL> <>. For value 2, set_tag <(0008,0008)[1]> <PRIMARY> <>.  See innolitics.com for more information. %%%"
"Tag: (0008,0008) CS 2-n Image Type : A value is required for value 3 in CT Images ","Tag: (0008,0008) CS 2-n Image Type : A value is required for value 3 in CT Images %%% FIX IS - This is a CT image and requires 3 values, there is a missing value, for example, the image type might be ORIGINAL/PRIMARY/OTHER. If that is the case , set_tag <(0008,0008)[0]> <ORIGINAL> <>, set_tag <(0008,0008)[1]> <PRIMARY> <>, set_tag <(0008,0008)[2]> <OTHER> <>. Review the image to determine the correct values.  See innolitics.com for more information. %%%"
"Tag: (0008,0008) CS 2-n Image Type : Invalid Value for VR : COMPRESSED ","Tag: (0008,0008) CS 2-n Image Type : Invalid Value for VR : COMPRESSED %%% FIX IS - The VR for this tag is CS. Special characters, such as colons, are not allowed. For example, if the value is COMPRESSED 6:1 (or similar) the colon is invalid. Review the image dump. Determine which value (value 1, value 2 etc)  in this multivalued tag should be corrected. For example, set_tag <(0008,0008)[#]> <COMPRESSED> <>; the ""#"" should be replaced with correct value number, this could be the numbers 3, 4, or 5 etc. see innolitics or DCIODVFY errors and fixes document%%%"
"Tag: (0008,0008) CS 2-n Image Type : Invalid Value for VR : JP2K LOSSY ","Tag: (0008,0008) CS 2-n Image Type : Invalid Value for VR : JP2K LOSSY %%% FIX IS - The VR for this tag is CS. Special characters, such as colons, are not allowed. For example, if the value is JP2K LOSSY 8:1 (or similar) the colon is invalid. Review the image dump. Determine which value (value 1, value 2 etc)  in this multivalued tag should be corrected. For example, set_tag <(0008,0008)[#]> <JP2K LOSSY> <>; the ""#"" should be replaced with correct value number, this could be the numbers 3, 4, or 5 etc. see innolitics.com or DCIODVFY errors and fixes document%%%"
"Tag: (0008,0008) CS 2-n Image Type : Invalid Value for VR : Decompressed ","Tag: (0008,0008) CS 2-n Image Type : Invalid Value for VR : Decompressed %%% FIX IS - The VR for this tag is CS. Special characters, such as colons and lowercase are not allowed. For example, if the value is Decompressed 10:1 (or similar) the colon and lowercase is invalid.. Review the image dump. Determine which value (value 1, value 2 etc)  in this multivalued tag should be corrected. For example, set_tag <(0008,0008)[#]> <JDECOMPRESSED> <>; the ""#"" should be replaced with correct value number, this could be the numbers 3, 4, or 5 etc. see innolitics.com or DCIODVFY errors and fixes document%%%"
"Tag: (0008,0016) UI 1 SOP Class UID : Invalid Value for VR : <unspec> : Trailing character invalid for this VR : ' ' (0x20) ",
"Tag: (0008,0020) DA 1 Study Date: Invalid Value for VR: ","Tag: (0008,0020) DA 1 Study Date: Invalid Value for VR: %%% FIX IS - to correct date format, it should be YYYYMMDD %%%"
"Tag: (0008,002a) DT 1 Acquisition DateTime : Empty attribute (no value) Type 1C Conditional Element per module EnhancedCTImage",
"Tag: (0008,002a) DT 1 Acquisition DateTime : Invalid Value for VR","Tag: (0008,002a) DT 1 Acquisition DateTime : Invalid Value for VR %%% FIX IS - to correct date format YYYYMMDDHHMMSS.FFFFFF&ZZXX (see http://dicom.nema.org/dicom/2013/output/chtml/part05/sect_6.2.html for explanation) %%%"
"Tag: (0008,0030) TM 1 Study Time : Invalid Value for VR","Tag: (0008,0030) TM 1 Study Time : Invalid Value for VR %%% FIX IS - to correct time format. If there are MANY of these messages, empty_tag (0008,0030) otherwise then correct format using set_tag command %%%"
"Tag: (0008,0050) SH 1 Accession Number: MissingTag: Type 2 Required Element: GeneralStudy ","Tag: (0008,0050) SH 1 Accession Number: MissingTag: Type 2 Required Element: GeneralStudy %%% FIX IS - to set_tag (0008,0050) <> %%%"
"Tag: (0008,0064) CS 1 Conversion Type : Missing Tag : Type 1 Required Element : SCEquipment ","Tag: (0008,0064) CS 1 Conversion Type : Missing Tag : Type 1 Required Element : SCEquipment %%% FIX IS - if this is a report, the series should be deleted. If it is Secondary Capture, check to see if it's a workstation, if so - set to WSD. If unsure, ask DICOM expert %%%"
"Tag: (0008,0068) CS 1 Presentation Intent Type : Missing Tag : Type 1 Required Element : DXSeries",
"Tag: (0008,0070) LO 1 Manufacturer : Missing Tag : Type 1 Required Element : SOPCommon ","Tag: (0008,0070) LO 1 Manufacturer : Missing Tag : Type 1 Required Element : SOPCommon %%% FIX IS - set_tag <(0020,0012)> <> <> %%%"
"Tag: (0008,0100) SH 1 Code Value : Empty attribute (no value) Type 1C Conditional Element per module BasicCodeSequenceMacro","Tag: (0008,0100) SH 1 Code Value : Empty attribute (no value) Type 1C Conditional Element per module BasicCodeSequenceMacro %%% FIX IS - to look at DICOM dump and search for ""sequence"". If sequence is empty and type 3 or empty and sequence is optional, delete sequence. Otherwise, ignore error %%%"
"Tag: (0008,0100) SH 1 Code Value : Missing Tag : Type 1 Required Element : CodeSequence99SDMMacro ","Tag: (0008,0100) SH 1 Code Value : Missing Tag : Type 1 Required Element : CodeSequence99SDMMacro %%% FIX IS -  to look at DICOM dump and search for ""sequence"". If there are no tags in the sequence, delete if type 3. If cannot determine sequence, ignore error. Attention: If this is in a group tag with (0008,0104), (0008,0100), (0008,0119) & (0008,0120) together, then check for empty sequence. If type 3 delete. If not type 3 ask Bill or Quasar%%%"
"Tag: (0008,0100) SH 1 Code Value : Missing Tag : Type 1C Conditional Element : BasicCodeSequenceMacro","Tag: (0008,0100) SH 1 Code Value : Missing Tag : Type 1C Conditional Element : BasicCodeSequenceMacro %%% FIX IS - to look at DICOM dump and search for ""sequence"". If there are no tags in the sequence, delete if type 3. If cannot determine sequence, ignore error. Attention: If this is in a group tag with (0008,0104), (0008,0100), (0008,0119) & (0008,0120) together, then check for empty sequence. If the sequence tag causing the problem is (0054,0410) or (0054,0414) and modality is NM or PET, ignore error. If type 3 delete. If not type 3 ask Bill or Quasar%%%"
"Tag: (0008,0100) SH 1 Code Value : Missing Tag : Type 1C Conditional Element : BasicCodeSequenceMeaningOptionalMacro","Tag: (0008,0100) SH 1 Code Value : Missing Tag : Type 1C Conditional Element : BasicCodeSequenceMeaningOptionalMacro %%% FIX IS - to look at DICOM dump and search for ""sequence"". If there are no tags in the sequence, delete if type 3. If cannot determine sequence, ignore error. Attention: If this is in a group tag with (0008,0104), (0008,0100), (0008,0119) & (0008,0120) together, then check for empty sequence. If type 3 delete. If not type 3 ask Bill or Quasar%%%"
"Tag: (0008,0102) SH 1 Coding Scheme Designator : Empty attribute (no value) Type 1C Conditional Element per module BasicCodeSequenceMacro","Tag: (0008,0102) SH 1 Coding Scheme Designator : Empty attribute (no value) Type 1C Conditional Element per module BasicCodeSequenceMacro %%% FIX IS - to look at DICOM dump and search for ""sequence"". If there are no tags in the sequence, delete if type 3. If cannot determine sequence, ignore error %%%"
"Tag: (0008,0102) SH 1 Coding Scheme Designator : has an unrecognized enumerated value (SNM3) in index 1",
"Tag: (0008,0102) SH 1 Coding Scheme Designator : Missing Tag : Type 1C Conditional Element : BasicCodeSequenceMacro","Tag: (0008,0102) SH 1 Coding Scheme Designator : Missing Tag : Type 1C Conditional Element : BasicCodeSequenceMacro %%% FIX IS - to look at DICOM dump and search for ""sequence"". If there are no tags in the sequence, delete if type 3. If cannot determine sequence, ignore error %%%"
"Tag: (0008,0103) SH 1 Coding Scheme Version : is conditional and is present when condition not satisfied : per BasicCodeSequenceMacro module","Tag: (0008,0103) SH 1 Coding Scheme Version : is conditional and is present when condition no satisfied : per BasicCodeSequenceMacro module %%% FIX IS - to look at DICOM dump and search for ""sequence"". If there are no tags in the sequence, delete if type 3. If cannot determine sequence, ignore error %%%"
"Tag: (0008,0104) LO 1 Code Meaning : Empty attribute (no value) Type 1 Required Element per module","Tag: (0008,0104) LO 1 Code Meaning : Empty attribute (no value) Type 1 Required Element per module %%%  FIX IS - If you can determine which sequence this tag is missing from by looking at an image header dump of one of the series in Quince and the sequence is empty (search for the word sequence in the header dump, if there are no tags nested under a sequence, that is likely what is causing the issue).
A. Delete the sequence, if it is Type 3 
B. If the sequence is an optional sequence; delete the sequence
C. If you cannot determine which sequence this tag is missing from - ignore error  %%%"
"Tag: (0008,0104) LO 1 Code Meaning : Missing Tag : Type 1 Required Element : BasicCodeSequenceMacro","Tag: (0008,0104) LO 1 Code Meaning : Missing Tag : Type 1 Required Element : BasicCodeSequenceMacro %%% FIX IS - to look at DICOM dump and search for ""sequence"". If there are no tags in the sequence, delete if type 3. If cannot determine sequence, ignore error. Attention: If this is in a group tag with (0008,0104), (0008,0100), (0008,0119) & (0008,0120) together, then check for empty sequence. If the sequence tag causing the problem is (0054,0410) or (0054,0414) and modality is NM or PET, ignore error. If type 3 delete. If not type 3 ask Bill or Quasar%%%"
"Tag: (0008,0105) CS 1 Mapping Resource : Missing Tag : Type 1C Conditional Element : EnhancedCodeSequenceMacro","Tag: (0008,0105) CS 1 Mapping Resource : Missing Tag : Type 1C Conditional Element : EnhancedCodeSequenceMacro %%% FIX IS - to look at DICOM dump and search for ""sequence"". If there are no tags in the sequence, delete if type 3. If cannot determine sequence, ignore error %%%"
"Tag: (0008,0106) DT 1 Context Group Version : Empty attribute (no value) Type 1C Conditional Element per module EnhancedCodeSequenceMacro","Tag: (0008,0106) DT 1 Context Group Version : Empty attribute (no value) Type 1C Conditional Element per module EnhancedCodeSequenceMacro %%% FIX IS - to look at DICOM dump and search for ""sequence"". If there are no tags in the sequence, delete if type 3. If cannot determine sequence, ignore error. If the sequence is not empty, look to see if there are other sequences that have this tag (0008,0106) with a value other than NULL or Empty, then set the empty tags to this value. If this is in group with (0008,0106), (0008,0105), (0008,010d), (0008,0107) delete_tag <(0040,0260)> if the sequence contains no useful scientific data %%%"
"Tag: (0008,0106) DT 1 Context Group Version : Missing Tag : Type 1C Conditional Element : EnhancedCodeSequenceMacro","Tag: (0008,0106) DT 1 Context Group Version : Missing Tag : Type 1C Conditional Element : EnhancedCodeSequenceMacro %%% FIX IS - to look at DICOM dump and search for ""sequence"". If there are no tags in the sequence, delete if type 3. If there are other entries in the sequence that have this tag (0008,0106) with a value other than NULL or Empty, then set the empty tags to that vlaue. Otherwise, ignore. %%%"
"Tag: (0008,0119) UC 1 Long Code Value : Missing Tag : Type 1C Conditional Element : BasicCodeSequenceMacro","Tag: (0008,0119) UC 1 Long Code Value : Missing Tag : Type 1C Conditional Element : BasicCodeSequenceMacro %%% FIX IS - to look at DICOM dump and search for ""sequence"". If there are no tags in the sequence, delete if type 3. If cannot determine sequence, ignore error. Attention: If this is in a group tag with (0008,0104), (0008,0100), (0008,0119) & (0008,0120) together, then check for empty sequence. If type 3 delete. If not type 3 ask Bill or Quasar%%%"
"Tag: (0008,0119) UC 1 Long Code Value : Missing Tag : Type 1C Conditional Element : BasicCodeSequenceMacro ","Tag: (0008,0119) UC 1 Long Code Value : Missing Tag : Type 1C Conditional Element : BasicCodeSequenceMacro %%% FIX IS - to look at DICOM dump and search for ""sequence"". If there are no tags in the sequence, delete if type 3. If cannot determine sequence, ignore error. Attention: If this is in a group tag with (0008,0104), (0008,0100), (0008,0119) & (0008,0120) together, then check for empty sequence. If the sequence tag causing the problem is (0054,0410) or (0054,0414) and modality is NM or PET, ignore error. If type 3 delete. If not type 3 ask Bill or Quasar%%%"
"Tag: (0008,0119) UC 1 Long Code Value : Missing Tag : Type 1C Conditional Element : BasicCodeSequenceMeaningOptionalMacro","Tag: (0008,0119) UC 1 Long Code Value : Missing Tag : Type 1C Conditional Element : BasicCodeSequenceMeaningOptionalMacro %%% FIX IS - to look at DICOM dump and search for ""sequence"". If there are no tags in the sequence, delete if type 3. If cannot determine sequence, ignore error. Attention: If this is in a group tag with (0008,0104), (0008,0100), (0008,0119) & (0008,0120) together, then check for empty sequence. If type 3 delete. If not type 3 ask Bill or Quasar%%%"
"Tag: (0008,0120) UR 1 URN Code Value : Missing Tag : Type 1C Conditional Element : BasicCodeSequenceMacro","Tag: (0008,0120) UR 1 URN Code Value : Missing Tag : Type 1C Conditional Element : BasicCodeSequenceMacro %%% FIX IS - to look at DICOM dump and search for ""sequence"". If there are no tags in the sequence, delete if type 3. If cannot determine sequence, ignore error. Attention: If this is in a group tag with (0008,0104), (0008,0100), (0008,0119) & (0008,0120) together, then check for empty sequence. If the sequence tag causing the problem is (0054,0410) or (0054,0414) and modality is NM or PET, ignore error. If type 3 delete. If not type 3 ask Bill or Quasar%%%"
"Tag: (0008,0120) UR 1 URN Code Value : Missing Tag : Type 1C Conditional Element : BasicCodeSequenceMacro ","Tag: (0008,0120) UR 1 URN Code Value : Missing Tag : Type 1C Conditional Element : BasicCodeSequenceMacro %%% FIX IS - to look at DICOM dump and search for ""sequence"". If there are no tags in the sequence, delete if type 3. If cannot determine sequence, ignore error. Attention: If this is in a group tag with (0008,0104), (0008,0100), (0008,0119) & (0008,0120) together, then check for empty sequence. If type 3 delete. If not type 3 ask Bill or Quasar %%%"
"Tag: (0008,0120) UR 1 URN Code Value : Missing Tag : Type 1C Conditional Element : BasicCodeSequenceMeaningOptionalMacro","Tag: (0008,0120) UR 1 URN Code Value : Missing Tag : Type 1C Conditional Element : BasicCodeSequenceMeaningOptionalMacro %%% FIX IS - to look at DICOM dump and search for ""sequence"". If there are no tags in the sequence, delete if type 3. If cannot determine sequence, ignore error. Attention: If this is in a group tag with (0008,0104), (0008,0100), (0008,0119) & (0008,0120) together, then check for empty sequence. If type 3 delete. If not type 3 ask Bill or Quasar %%%"
"Tag: (0008,1030) LO 1 Study Description : has bad value multiplicity : 3 vs 1 : per GeneralStudy ","Tag: (0008,1030) LO 1 Study Description : has bad value multiplicity : 3 vs 1 : per GeneralStudy %%% FIX IS - there is a ""/"" character in the study description. Remove ""/"" %%%"
"Tag: (0008,1030) LO 1 Study Description : Invalid Value for VR","Tag: (0008,1030) LO 1 Study Description : Invalid Value for VR %%% FIX IS - if the length is invalid, shorten the Study Description using set_tag or if there is an invalid character, remove character. %%%"
"Tag: (0008,103e) LO 1 Series Description : has bad value multiplicity : 2 vs 1 : per GeneralSeries ","Tag: (0008,103e) LO 1 Series Description : has bad value multiplicity : 2 vs 1 : per GeneralSeries %%% FIX IS - there is a ""/"" character in the study description. Remove ""/"" %%%"
"Tag: (0008,103e) LO 1 Series Description : Invalid Value for VR","Tag: (0008,103e) LO 1 Series Description : Invalid Value for VR %%% FIX IS - if the length is invalid, shorten the Study Description using set_tag or if there is an invalid character, remove character. If the character is a special character, ex. µ, replace with appropriate text  %%%"
"Tag: (0008,1070) PN 1-n Operators' Name: Missing Tag: Type 2 Required Element: RTSeries ","Tag: (0008,1070) PN 1-n Operators' Name: Missing Tag: Type 2 Required Element: RTSeries %%% FIX IS - set_tag <(0008,1070)> <> <> %%%"
"Tag: (0008,1070) PN 1-n Operators' Name : Missing Tag : Type 2 Required Element : RTSeries","Tag: (0008,1070) PN 1-n Operators' Name: Missing Tag: Type 2 Required Element: RTSeries %%% FIX IS - set_tag <(0008,1070)> <> <> %%%"
"Tag: (0008,1110) Referenced Study Sequence is empty.","Tag: (0008,1110) Referenced Study Sequence is empty. %%% FIX IS - delete_tag <(0008,1110)> <> <> %%%"
"Tag: (0008,1150) UI 1 Referenced SOP Class UID : Empty attribute (no value) ","Tag: (0008,1150) UI 1 Referenced SOP Class UID : Empty attribute (no value)  %%% FIX IS - DICOM dump, search for ""sequence"", locate sequence with Reference SOP Class UID that is Null or empty.  If possible ask submitting site to provide information. If not and it's a Referenced Study Sequence, ignore it. If not Referenced Study sequence and all tags in sequence are NULL or if sequence is empty, delete the sequence (if type 3 or optional). Otherwise ask Bill or Quasar. %%%"
"Tag: (0008,1150) UI 1 Referenced SOP Class UID : Missing Tag ","Tag: (0008,1150) UI 1 Referenced SOP Class UID : Missing Tag %%% FIX IS - A.  Find out what the name of the sequence is where this tag is missing 
B.  If it is a referenced study sequence, ignore it 
C.  If other sequence and all tags in the sequence are NULL or if the sequence is empty, delete the sequence 
D.  If there is a Source Image Sequence (0008,2112), and for every elements (0008,1155) Referenced SOP Instance UID  there is not a corresponding element (0008,1150), then this probably where the tag is  missing from. so delete_tag <(0008,2112)> <> <> 
E.  Otherwise, Ask Bill or Quasar to help determine best action  %%%"
"Tag: (0008,1155) UI 1 Referenced SOP Instance UID : Missing Tag ","Tag: (0008,1155) UI 1 Referenced SOP Instance UID : Missing Tag  %%%  FIX IS - to look at DICOM dump and search for ""sequence"". If sequence is empty and type 3 or empty and sequence is optional, delete sequence. Otherwise, ignore error %%%"
"Tag: (0008,1160) IS 1-n Referenced Frame Number : May not be present for Referenced SOP Class that is not multi-frame",
"Tag: (0008,2124) IS 1 Number of Stages : Missing Tag : Type 2C Conditional Element : USImage","Tag: (0008,2124) IS 1 Number of Stages : Missing Tag : Type 2C Conditional Element : USImage %%% FIX IS - set_tag <(0008,2124)> <> %%%"
"Tag: (0008,2218) SQ 1 Anatomic Region Sequence : AnatomicRegionSequence is only permitted to be empty when actually unknown, but BodyPartExamined has a value, therefore it is known","Tag: (0008,2218) SQ 1 Anatomic Region Sequence : AnatomicRegionSequence is only permitted to be empty when actually unknown, but BodyPartExamined has a value, therefore it is known %%% FIX IS - delete anatomic Region Sequence (0008,2218) if the tag is empty %%%]"
"Tag: (0008,2218) SQ 1 Anatomic Region Sequence : Missing Tag : Type 2 Required Element : GeneralAnatomyRequiredMacro",
"Tag: (0008,2218) SQ 1 Anatomic Region Sequence : Missing Tag : Type 2C Conditional Element : GeneralImage",
"Tag: (0008,2218) SQ 1 Anatomic Region Sequence : Empty attribute (no value) Type 1 Required Element per module GeneralAnatomyMandatoryMacro","Tag: (0008,2218) SQ 1 Anatomic Region Sequence : Empty attribute (no value) Type 1 Required Element per module GeneralAnatomyMandatoryMacro %%% FIX IS - in an Enhanced CT series, If there are no values within (0008,2218),  just Ignore error %%%"
"Tag: (0008,3010) UI 1-n Irradiation Event UID : Invalid Value for VR","Tag: (0008,3010) UI 1-n Irradiation Event UID : Invalid Value for VR %%% FIX IS - see DCIODVFY Errors and Fixes document %%%"
"Tag: (0010,0040) CS 1 Patient's Sex: MissingTag: Type 2 Required Element: Patient ","Tag: (0010,0040) CS 1 Patient's Sex: MissingTag: Type 2 Required Element: Patient %%% FIX IS - set_tag <(0010, 0040)> <> %%%"
"Tag: (0010,1010) AS 1 Patient's Age: Invalid Value for VR: ","Tag: (0010,1010) AS 1 Patient's Age: Invalid Value for VR: %%% FIX IS - patient age is not formatted correctly. Correct the value. It should have a format of 3 numbers (###) followed by one of the following: D (Days), W(Weeks), M(Months), or Y(Years). For example, patient who is 18 months old would have 018M in this tag. %%%"
"Tag: (0010,1020) DS 1 Patient's Size: Invalid Value for VR ","Tag: (0010,1020) DS 1 Patient's Size: Invalid Value for VR %%% FIX IS - there is an invalid character or format for this VR. You can enter correct value if known. Otherwise empty_tag <(0010,01020)> <> %%%"
"Tag: (0010,1030) DS 1 Patient's Weight: Invalid Value for VR","Tag: (0010,1030) DS 1 Patient's Weight: Invalid Value for VR %%% FIX IS - there is an invalid characted or format for this VR. You can enter correct value if known. Otherwise empty_tag <(0010,1030)> <> %%%"
"Tag: (0010,21a0) CS 1 Smoking Status : Invalid Value for VR ","Tag: (0010,21a0) CS 1 Smoking Status : Invalid Value for VR %%% FIX IS - there is an invalid characted or format for this VR. You can enter correct value if known. Otherwise empty_tag <(0010,21a0)> <> %%%"
"Tag: (0018,0015) CS 1 Body Part Examined : Invalid Value for VR ","Tag: (0018,0015) CS 1 Body Part Examined : Invalid Value for VR %%% FIX IS - there is an invalid characted or format for this VR. Body Part Examined should be in all caps. Annex L “Correspondence of Anatomic Region Codes and Body Part Examined Defined Terms” in PS3.16  %%%"
"Tag: (0018,0020) CS 1-n Scanning Sequence : has an unrecognized enumerated value ","Tag: (0018,0020) CS 1-n Scanning Sequence : has an unrecognized enumerated value  %%% FIX IS - to correct format in tag. Notice if there is a ""/""  - this is wrong and should be  ""\"". There may also be invalid characters. Correct tag as necessary. %%%"
"Tag: (0018,0020) CS 1-n Scanning Sequence : Invalid Value for VR ","Tag: (0018,0020) CS 1-n Scanning Sequence : Invalid Value for VR %%% FIX IS - to correct format in tag. Notice if there is a ""/""  - this is wrong and should be  ""\"". There may also be invalid characters. Correct tag as necessary. %%%"
"Tag: (0018,0021) CS 1-n Sequence Variant : Empty attribute (no value) Type 1 Required Element per module ",
"Tag: (0018,0022) CS 1-n Scan Options : Missing Tag : Type 2 Required Element : MRImage ",
"Tag: (0018,0023) CS 1 MR Acquisition Type : Missing Tag : Type 2 Required Element : MRImage","Tag: (0018,0023) CS 1 MR Acquisition Type : Missing Tag : Type 2 Required Element : MRImage %%% FIX IS - set_tag <(0018,0023)> <> %%%"
"Tag: (0018,0050) DS 1 Slice Thickness : Missing Tag ","Tag: (0018,0050) DS 1 Slice Thickness : Missing Tag %%% FIX IS - set_tag <(0018,0050)> <> %%%"
"Tag: (0018,0050) DS 1 Slice Thickness : Value is zero for index 1",
"Tag: (0018,0060) DS 1 KVP : Missing Tag ","Tag: (0018,0060) DS 1 KVP : Missing Tag %%% FIX IS - set_tag <(0018,0060)> <> <> %%%"
"Tag: (0018,0080) DS 1 Repetition Time : Missing Tag : Type 2C Conditional Element : MRImage","Tag: (0018,0080) DS 1 Repetition Time : Missing Tag : Type 2C Conditional Element : MRImage %%% FIX IS - check with site, if site cannot fix, ignore. %%%"
"Tag: (0018,0080) DS 1 Repetition Time: is conditional and is present when condition not satisfied: per MRImage module ","Tag: (0018,0080) DS 1 Repetition Time: is conditional and is present when condition not satisfied: per MRImage module %%% FIX IS - For MR leave but verify with Kirk and/or Bill %%%"
"Tag: (0018,0082) DS 1 Inversion Time : is conditional and is present when condition not satisfied : per MRImage module",
"Tag: (0018,0082) DS 1 Inversion Time : Missing Tag : Type 2C Conditional Element : MRImage","Tag: (0018,0082) DS 1 Inversion Time : Missing Tag : Type 2C Conditional Element : MRImage  %%% FIX IS - set_tag <(0018,0082)> <> %%%"
"Tag: (0018,0088) DS 1 Spacing Between Slices : has illegal negative value:","Tag: (0018,0088) DS 1 Spacing Between Slices : has illegal negative value: %%% FIX IS - to remove negative sign and retain value. Check series for significant digits. %%%"
"Tag: (0018,1000) LO 1 Device Serial Number : Empty attribute (no value) Type 1 Required Element per module EnhancedGeneralEquipment",
"Tag: (0018,1000) LO 1 Device Serial Number : Missing Tag : Type 1 Required Element : EnhancedGeneralEquipment",
"Tag: (0018,1060) DS 1 Trigger Time : is conditional and is present when condition not satisfied : per MRImage module",
"Tag: (0018,1060) DS 1 Trigger Time : is conditional and is present when condition not satisfied : per PETImage module",
"Tag: (0018,1060) DS 1 Trigger Time : Missing Tag : Type 2C Conditional Element : MRImage",
"Tag: (0018,1063) DS 1 Frame Time : is conditional and is present when condition not satisfied : per MRImage module",
"Tag: (0018,1063) DS 1 Frame Time : is conditional and is present when condition not satisfied : per PETImage module",
"Tag: (0018,1063) DS 1 Frame Time : is conditional and is present when condition not satisfied : per Cine module","Tag: (0018,1063) DS 1 Frame Time : is conditional and is present when condition not satisfied : per Cine module %%% FIX IS - For multiframe ultrasound, ignore %%%"
"Tag: (0018,1065) DS 1-n Frame Time Vector : is conditional and is present when condition not satisfied : per Cine module","Tag: (0018,1065) DS 1-n Frame Time Vector : is conditional and is present when condition not satisfied : per Cine module %%% FIX IS - For multiframe ultrasound, ignore %%%"
"Tag: (0018,106a) CS 1 Synchronization Trigger : Missing Tag : Type 1 Required Element : Synchronization",
"Tag: (0018,1081) IS 1 Low R-R Value","Tag: (0018,1081) IS 1 Low R-R Value %%% FIX IS - Ask site if possible, otherwise ignore %%%"
"Tag: (0018,1082) IS 1 High R-R Value","Tag: (0018,1082) IS 1 High R-R Value %%% FIX IS - Ask site if possible, otherwise ignore %%%"
"Tag: (0018,1110) DS 1 Distance Source to Detector : Empty attribute (no value) Type 1C Conditional Element per module CTGeometryMacro",
"Tag: (0018,1149) IS 1-2 Field of View Dimension(s) : Value is zero for index 1 ","Tag: (0018,1149) IS 1-2 Field of View Dimension(s) : Value is zero for index 1 %%% FIX IS - Ask site if possible, otherwise ignore %%%"
"Tag: (0018,1149) IS 1-2 Field of View Dimension(s) : Value is zero for index 2 ","Tag: (0018,1149) IS 1-2 Field of View Dimension(s) : Value is zero for index 2 %%% FIX IS - Ask site if possible, otherwise ignore %%%"
" Tag: (0018,1149) IS 1-2 Field of View Dimension(s) : has bad value multiplicity : 4 vs 1-2 : per NMDetector"," Tag: (0018,1149) IS 1-2 Field of View Dimension(s) : has bad value multiplicity : 4 vs 1-2 : per NMDetector %%% FIX IS - 
delete_tag (0018,1149) <> <>
Once the tag is deleted, and you have accepted the imports, set the tag with the original values like this (note: it may be nested in a sequence, so make sure you include the entire path to the tag):
set_tag (0018,1149)[0] <value0> <>
set_tag (0018,1149)[1]) <value1> <> %%%"
"Tag: (0018,1150) IS 1 Exposure Time : Invalid Value for VR :","Tag: (0018,1150) IS 1 Exposure Time : Invalid Value for VR  %%% FIX IS - This tag contains an invalid character for the VR IS. For example, a decimal point is invalid. Try set_tag to an appropriate value match VR conditions. NOTE: there will be additional text following the last set of percent signs, this text is what is ""left over"" from the error. See column C. %%%"
"Tag: (0018,1164) DS 2 Imager Pixel Spacing : Missing Tag : Type 1 Required Element : DXDetector",
"Tag: (0018,1166) CS 1-n Grid : Invalid Value for VR ","Tag: (0018,1166) CS 1-n Grid : Invalid Value for VR %%% FIX IS - there is an invalid character or format for this VR. You can enter correct value if known. See DCIODVFY Errors and Fixes %%%"
"Tag: (0018,1181) CS 1 Collimator Type : Missing Tag : Type 2 Required Element : PETSeries ","Tag: (0018,1181) CS 1 Collimator Type : Missing Tag : Type 2 Required Element : PETSeries %%% FIX IS - set_tag <(0018,1181)> <> %%%"
"Tag: (0018,1242) IS 1 Actual Frame Duration : Missing Tag : Type 2 Required Element : PETImage ","Tag: (0018,1242) IS 1 Actual Frame Duration : Missing Tag : Type 2 Required Element : PETImage %%% FIX IS - set_tag <(0018,1242)> <>  %%%"
"Tag: (0018,1312) CS 1 In-plane Phase Encoding Direction : has an unrecognized enumerated value (OTHER) in index 1","Tag: (0018,1312) CS 1 In-plane Phase Encoding Direction : has an unrecognized enumerated value %%% FIX IS - The only allowed values are COL or ROW. This has If type 3 for image modality, delete tag. Otherwise discuss with Bill or Quasar %%%"
"Tag: (0018,1312) CS 1 In-plane Phase Encoding Direction : has an unrecognized enumerated value (OTHER) in index 1","Tag: (0018,1312) CS 1 In-plane Phase Encoding Direction : has an unrecognized enumerated value %%% FIX IS - The only allowed values are COL or ROW. This has If type 3 for image modality, delete tag. Otherwise discuss with Bill or Quasar %%%"
"Tag: (0018,1800) CS 1 Acquisition Time Synchronized : Missing Tag : Type 1 Required Element : Synchronization",
"Tag: (0018,5100) CS 1 Patient Position : May not be present when PatientOrientationCodeSequence is present",
"Tag: (0018,5100) CS 1 Patient Position : Shall not be present when PatientOrientationCodeSequence is present",
"Tag: (0018,5100) CS 1 Patient Position : Missing Tag : Type 2C Conditional Element","Tag: (0018,5100) CS 1 Patient Position: Missing Tag: Type 2C Conditional Element: %%% FIX IS - For Phantom, can be missing; otherwise set_tag set_tag <(0018,5100)> <> %%%"
"Tag: (0018,6044) US 1 Pixel Component Organization : Missing Tag : Type 1C Conditional Element : USRegionCalibration ","Tag: (0018,6044) US 1 Pixel Component Organization : Missing Tag : Type 1C Conditional Element : USRegionCalibration %%% FIX IS - If image displays properly using Quince or other DICOM viewer, ignore, otherwise check with Bill. %%%"
"Tag: (0018,604e) US 1 Pixel Component Data Type : is conditional and is present when condition not satisfied : per USRegionCalibration module ","Tag: (0018,604e) US 1 Pixel Component Data Type : is conditional and is present when condition not satisfied : per USRegionCalibration module %%% FIX IS - If image displays properly using Quince or other DICOM viewer, ignore, otherwise check with Bill. %%%"
"Tag: (0018,7004) CS 1 Detector Type : Missing Tag : Type 2 Required Element : DigitalXRayDetectorMacro","Tag: (0018,7004) CS 1 Detector Type : Missing Tag : Type 2 Required Element : DigitalXRayDetectorMacro %%% FIX IS - set_tag <(0018,7004) <>"
"Tag: (0018,7032) DS 1 Field of View Rotation : has an unrecognized enumerated value (180.0) in index A. set_tag <(0018,7032)> <180> <> ","Tag: (0018,7032) DS 1 Field of View Rotation : has an unrecognized enumerated value (180.0) in index %%% FIX IS - set_tag <(0018,7032)> <180> %%%"
"Tag: (0018,7032) DS 1 Field of View Rotation : has an unrecognized enumerated value (360) in index 1","Tag: (0018,7032) DS 1 Field of View Rotation : has an unrecognized enumerated value (360) in index 1 %%% FIX IS - set_tag <(0018,7032)> <0> %%%"
"Tag: (0018,700a) SH 1 Detector ID : Missing Tag : Type 1 Required Element : BreastTomosynthesisContributingSources",
"Tag: (0018,9074) DT 1 Frame Acquisition DateTime : is conditional and is present when condition not satisfied : per FrameContentMacro module","Tag: (0018,9074) DT 1 Frame Acquisition DateTime : is conditional and is present when condition not satisfied : per FrameContentMacro module %%% FIX IS - Remove if PHI. If MG, ignore %%%"
"Tag: (0018,9074) DT 1 Frame Acquisition DateTime : Empty attribute (no value) Type 1C Conditional Element per module FrameContentMacro",
"Tag: (0018,9151) DT 1 Frame Reference DateTime : is conditional and is present when condition not satisfied : per FrameContentMacro module","Tag: (0018,9074) DT 1 Frame Acquisition DateTime : is conditional and is present when condition not satisfied : per FrameContentMacro module %%% FIX IS - Remove if PHI. If MG, ignore %%%"
"Tag: (0018,9151) DT 1 Frame Reference DateTime : Empty attribute (no value) Type 1C Conditional Element per module FrameContentMacro",
"Tag: (0018,9305) FD 1 Revolution Time : Non-numeric attribute while verifying not zero value for attribute ","Tag: (0018,9305) FD 1 Revolution Time : Non-numeric attribute while verifying not zero value for attribute %%% FIX IS - see DCIODVFY Errors and Fixes Document %%%"
"Tag: (0018,9309) FD 1 Table Speed : Non-numeric attribute while verifying not zero value for attribute ","Tag: (0018,9309) FD 1 Table Speed : Non-numeric attribute while verifying not zero value for attribute %%% FIX IS - see DCIODVFY Errors and Fixes Document %%%"
"Tag: (0018,9310) FD 1 Table Feed per Rotation : Non-numeric attribute while verifying not zero value for","Tag: (0018,9310) FD 1 Table Feed per Rotation : Non-numeric attribute while verifying not zero value for %%% FIX IS - see DCIODVFY Errors and Fixes Document %%%"
"Tag: (0018,9313) FD 3 Data Collection Center (Patient) : has bad value multiplicity : 1 vs 3 : per","Tag: (0018,9313) FD 3 Data Collection Center (Patient) : has bad value multiplicity : 1 vs 3 : per CTImage  %%% FIX IS - see DCIODVFY Errors and Fixes Document %%%"
"Tag: (0018,9318) FD 3 Reconstruction Target Center (Patient) : has bad value multiplicity per CTImage : 1 vs 3 : ","Tag: (0018,9318) FD 3 Reconstruction Target Center (Patient) : has bad value multiplicity per CTImage : 1 vs 3 : %%% FIX IS - see DCIODVFY Errors and Fixes Document %%%"
"Tag: (0018,9324) FD 1 Estimated Dose Saving : is conditional and is present when condition not satisfied : per CTExposureMacro module","Tag: (0018,9324) FD 1 Estimated Dose Saving : is conditional and is present when condition not satisfied : per CTExposureMacro module %%% FIX IS - if Value 1 of this frame is ORIGINAL. & Exposure Modulation Type (0018,9323) is equal to NONE then delete_tag <(0018,9324)> <> %%%"
"Tag: (0018,9345) FD 1 CTDIvol : Non-numeric attribute while verifying not zero value for attribute ","Tag: (0018,9345) FD 1 CTDIvol : Non-numeric attribute while verifying not zero value for attribute %%% FIX IS - see DCIODVFY Errors and Fixes Document %%%"
"Tag: (0018,9352) FL 3 Calcium Scoring Mass Factor Device : Non-numeric attribute while verifying zero value for attribute ","Tag: (0018,9352) FL 3 Calcium Scoring Mass Factor Device : Non-numeric attribute while verifying zero value for attribute %%% FIX IS - see DCIODVFY Errors and Fixes Document %%%"
Tag: MultienergyCTAcquisitionSequence : Missing Tag : Type 1 Required Element : MultienergyCTImage,"Tag: MultienergyCTAcquisitionSequence : Missing Tag : Type 1 Required Element : MultienergyCTImage  %%% FIX IS - The missing tag is (0018,9362) though not indicated in the error. Verify that that image is a multienergy acquisition (see tag (0018,9361) or ask site. If multienergy acquisition, ask site for information in sequence. If unable to obtain necessary information, ignore %%%"
"Tag: (0018,9477) SQ 1 Irradiation Event Identification Sequence : Missing Tag : Type 1 Required Element : IrradiationEventIdentificationMacro","Tag: (0018,9477) SQ 1 Irradiation Event Identification Sequence : Missing Tag : Type 1 Required Element : IrradiationEventIdentificationMacro %%% FIX IS - Review with Bill or Quasar %%%"
"Tag: (0020,000d) UI 1 Study Instance UID : Missing Tag : Type 1 Required Element : GeneralSeries","Tag: (0020,000d) UI 1 Study Instance UID : Missing Tag : Type 1 Required Element : GeneralSeries %%% FIX IS -  DICOM dump and make sure there is an actual Study Instance UID. If there is then ignore error, this error is from a missing tag in a sequence %%%%"
"Tag: (0020,000e) UI 1 Series Instance UID : Missing Tag : Type 1 Required Element : GeneralSeries","Tag: (0020,000e) UI 1 Series Instance UID : Missing Tag : Type 1 Required Element : GeneralSeries %%% FIX IS - DICOM dump and make sure there is an actual Series Instance UID. If there is then ignore error, this error is from a missing tag in a sequence %%%%"
"Tag: (0020,0012) IS 1 Acquisition Number : Missing Tag : Type 2 Required Element : CTImage","Tag: (0020,0012) IS 1 Acquisition Number : Missing Tag : Type 2 Required Element : CTImage %%% FIX IS - set_tag <(0020,0012)> <> %%%"
"Tag: (0020,0020) CS 2 Patient Orientation : Missing Tag : Type 2C Conditional Element : GeneralImage",
"Tag: (0020,0020) CS 2 Patient Orientation : Empty attribute (no value) Type 1C Conditional Element per module DXImage","Tag: (0020,0020) CS 2 Patient Orientation : Empty attribute (no value) Type 1C Conditional Element per module DXImage %%% FIX IS - A. Try and determine the correct orientation and set the tag if you can (ask submitter or others for help if needed).  Some acceptable values are: A (anterior), P (posterior), R (right), L (left), H (head), F (foot)
For example: set_tag <(0020,0020)> <L\F> <> if the anatomical direction is Right to Left and Head to Foot %%%"
"Tag: (0020,0052) UI 1 Frame of Reference UID : Missing Tag : Type 1 Required Element : FrameOfReference","Tag: (0020,0052) UI 1 Frame of Reference UID : Missing Tag : Type 1 Required Element : FrameOfReference %%% FIX IS - You can ignore if the value is contained in a sequence within the metadata and the linkages are correct %%%"
SeriesInstanceUID has same value as FrameOfReferenceUID,"SeriesInstanceUID has same value as FrameOfReferenceUID 
%%% FIX IS - hash_unhashed_uid  <(0020,0052)>  <duplicate series instance UID>  <!Root UID>
           where <duplicate series instance UID>  is the series in the DCIODVFY report, <!Root UID> is usually the TCIA Root <!1.3.6.1.4.1.14519.5.2.1>
            +++ The exclamation point (!) in front of the root UID forces a hash when the UID is already hashed +++ 
Note:
It is allowed that the series UID value in the Frame of Reference UID tag, (0020,0052), can be in more than one series. If this is the case, the tag in the other series must also be similarly hashed.
To find the other series, search the PHI scan for the duplicate series instance UID in tag (0020,0052). If the num_series in the PHI scan is greater than 1, then create a ProposeEditTp to find the other series that contain the duplicate series instance UID. %%%"
SOPInstanceUID has same value as FrameOfReferenceUID,"SOPInstanceUID has same value as FrameOfReferenceUID 
%%% FIX IS - hash_unhashed_uid  <(0020,0052)>  <duplicate series instance UID>  <!Root UID>
           where <duplicate series instance UID>  is the series in the DCIODVFY report, <!Root UID> is usually the TCIA Root <!1.3.6.1.4.1.14519.5.2.1>
            +++ The exclamation point (!) in front of the root UID forces a hash when the UID is already hashed +++ 
Note:
It is allowed that the series UID value in the Frame of Reference UID tag, (0020,0052), can be in more than one series. If this is the case, the tag in the other series must also be similarly hashed.
To find the other series, search the PHI scan for the duplicate series instance UID in tag (0020,0052). If the num_series in the PHI scan is greater than 1, then create a ProposeEditTp to find the other series that contain the duplicate series instance UID. %%%"
"Tag: (0020,0060) CS 1 Laterality : is conditional and is present when condition not satisfied : per GeneralSeries module",
"Tag: (0020,0060) CS 1 Laterality : Missing Tag : Type 2C Conditional Element : GeneralSeries",
"Tag: (0020,0062) CS 1 Image Laterality : Empty attribute (no value) Type 1 Required Element per module DXAnatomyImaged",
"Tag: (0020,1040) LO 1 Position Reference Indicator : Missing Tag : Type 2 Required Element : FrameOfReference ","Tag: (0020,1040) LO 1 Position Reference Indicator : Missing Tag : Type 2 Required Element : FrameOfReference %%% FIX IS - set_tag <(0020,1040)> <> %%%"
"Tag: (0020,1040) LO 1 Position Reference Indicator : Missing Tag : Type 2 Required Element : FrameOfReference","Tag: (0020,1040) LO 1 Position Reference Indicator : Missing Tag : Type 2 Required Element : FrameOfReference %%% FIX IS - set_tag <(0020,1040)> <> %%%"
"Tag: (0020,1041) DS 1 Slice Location : Invalid Value for VR : * : Character invalid for this VR : '*' (0x2a)","Tag: (0020,1041) DS 1 Slice Location : Invalid Value for VR : * : Character invalid for this VR : '*' (0x2a) %%% FIX IS - delete_tag <(0020,1041)> <> <> %%%"
"Tag: (0020,9111) SQ 1 Frame Content Sequence : Missing Tag : Type 1 Required Element : FrameContentMacro","Tag: (0020,9111) SQ 1 Frame Content Sequence : Missing Tag : Type 1 Required Element : FrameContentMacro %%% FIX IS - contact site for correct value. If cannot contact site, ignore %%%"
"Tag: (0028,0004) CS 1 Photometric Interpretation : has an unrecognized enumerated value","Tag: (0028,004) CS 1 Photometric Interpretation : has an unrecognized enumerated value 
%%% FIX IS - A. If tag (0028,0002) (Sample Per Pixels) has a VM = 3, then this is a false error for tag (0028,0004) and you can ignore the message
May 9, 2022 Version 7.2. 
If MONOCHROME2, this is a valid value and error can be ignored.
B. If tag (0028,0002) has a VM of something other than 3, then ask DICOM expert %%%"
"Tag: (0028,0004) CS 1 Photometric Interpretation : has an unrecognized enumerated value (PALETTE COLOR) in index ","Tag: (0028,0004) CS 1 Photometric Interpretation : has an unrecognized enumerated value (PALETTE COLOR) in index %%% FIX IS - If tag (0028,0002) has a value of 1, PALETTE COLOR is a valid value. Ignore this error. Otherwise discuss with DICOM expert %%%"
"Tag: (0028,0006) US 1 Planar Configuration : has an unrecognized enumerated value (0) in index 1",
"Tag: (0028,0006) US 1 Planar Configuration : is conditional and is present when condition not satisfied : per ImagePixelMacro module","Tag: (0028,0006) US 1 Planar Configuration : is conditional and is present when condition not satisfied : per ImagePixelMacro module %%% FIX IS - delete_tag <(0028,0006)> <> %%%"
"Tag: (0028,0006) US 1 Planar Configuration : is conditional and is present when condition not satisfied : per USImage module","Tag: (0028,0006) US 1 Planar Configuration : is conditional and is present when condition not satisfied : per USImage module %%% FIX IS - delete_tag <(0028,0006)> <> %%%"
"Tag: (0028,0006) US 1 Planar Configuration : is conditional and is present when condition not satisfied : per ImagePixelDescriptionMacro module","Tag: (0028,0006) US 1 Planar Configuration : is conditional and is present when condition not satisfied : per ImagePixelDescriptionMacro module %%% FIX IS - delete_tag <(0028,0006)> <> %%%"
"Tag: (0028,0006) US 1 Planar Configuration : Missing Tag : Type 1C Conditional Element : ImagePixelMacro",
"Tag: (0028,0008) IS 1 Number of Frames : has an unrecognized enumerated value (0x51) in index 1","Tag: (0028,0008) IS 1 Number of Frames : has an unrecognized enumerated value (0x51) in index 1  %%% FIX IS - If the values are in decimal (base 10) format in Quince, ignore error %%%"
"Tag: (0028,0008) IS 1 Number of Frames : Missing Tag : Type 1 Required Element : MultiFrame","Tag: (0028,0008) IS 1 Number of Frames : Missing Tag : Type 1 Required Element : MultiFrame %%% FIX IS - Multiply the values in tags (0028,0010) and (0028,0011) (Rows and columns respectively) by the value in tag (0028,0100) (Bits Allocated) and divide by 8. If it equals the count in tag (7fe0,0010) then it may be okay (assuming there is no burned in PHI) but if the values do not match, then Discuss with a DICOM expert because there may be hidden frames containing images %%%"
"Tag: (0028,0009) AT 1-n Frame Increment Pointer : Missing Tag : Type 1C Conditional Element : MultiFrame",
"Tag: (0028,0009) AT 1-n Frame Increment Pointer : Missing Tag : Type 1C Conditional Element : USImage",
"Tag: (0028,0009) AT 1-n Frame Increment Pointer : Missing Tag : Type 1 Required Element : NMMultiFrame","Tag: (0028,0009) AT 1-n Frame Increment Pointer : Missing Tag : Type 1 Required Element : NMMultiFrame %%% FIX IS - 
NOTES: Need to check if the imaging data is Big Endian or Little Endian in Tag (0002,0010); Need to convert the Hex Tags to Decimal values using a Hex to Decimal Converter like the one found here: https://www.rapidtables.com/convert/number/hex-to-decimal.html;
The value you enter for the Hex value is dependent on whether your data is Big Endian or Little Endian.  If it is Big Endian you enter the 4 digit group first then the 4 digit element like 00540020, but if it is Little Endian, you enter the 4 digit element first then the 4 digit group like 00200054. The Decimal value returned is what is entered into the val1 of the set_tag command.
A. If tag (0054,0010) exists in the image header, set_tag (0028,0009)[0] <1048660> <> (where 1048660 is the decimal equivalent of 00100054 if the value in tag (0002,0010) is Little Endian or 5505040 if it is Big Endian) If the tag does not exist in the series, do not make this edit.
B. If tag (0054,0020) exists in the image header, set_tag (0028,0009)[1] <2097236> <> (where 2097236 is the decimal equivalent of 00200054 if the value in tag (0002,0010) is Little Endian or 5505056 if it is Big Endian) If the tag does not exist in the series, do not make this edit.
C. If tag (0054,0050) exists in the image header, set_tag (0028,0009)[2] <5242964> <> (where 5242964 is the decimal equivalent of 00500054 if the value in tag (0002,0010) is Little Endian or 5505104 if it is Big Endian). If the tag does not exist in the series, do not make this edit.
D. If tag (0054,0090) exists in the image header, set_tag (0028,0009)[3] <9437268> <> (where 9437268 is the decimal equivalent of 00900054 if the value in tag (0002,0010) is Little Endian or 5505168 if it is Big Endian). If the tag does not exist in the series, do not make this edit.
%%%"
"Tag: (0028,0030) DS 2 Pixel Spacing : Empty attribute (no value) Type 1C Conditional Element","Frame Increment Pointer value is not present in dataset for value 0, which is (0x0018,0x1063) Frame Time %%% FIX IS - Ask site for guidance otherwise ignore %%%"
"Tag: (0028,0030) DS 2 Pixel Spacing : Invalid Value for VR ","Tag: (0028,0030) DS 2 Pixel Spacing : Invalid Value for VR %%% FIX IS - see DCIODVFY Errors and Fixes Document %%%"
"Tag: (0028,0030) DS 2 Pixel Spacing : Value is zero for index 1",
"Tag: (0028,0030) DS 2 Pixel Spacing : Value is zero for index 2 ",
"Tag: (0028,0034) IS 2 Pixel Aspect Ratio : may not be present when it has a ratio of 1:1 - values are 0\0",
"Tag: (0028,0034) IS 2 Pixel Aspect Ratio : may not be present when it has a ratio of 1:1 - values are 1\1",
"Tag: (0028,0034) IS 2 Pixel Aspect Ratio : Shall not be present when PixelSpacing is present",
PixelAspectRatio may not be present when it has a ratio of 1:1 - values are 1\1,
"Tag: (0028,0034) IS 2 Pixel Aspect Ratio : May not be present when Pixel Spacing is present",
"Tag: (0028,0034) IS 2 Pixel Aspect Ratio : Shall not be present when ImagerPixelSpacing is present",
"Tag: (0028,0051) CS 1-n Corrected Image : Missing Tag : Type 2 Required Element : PETSeries","Tag: (0028,0051) CS 1-n Corrected Image : Missing Tag : Type 2 Required Element : PETSeries %%% FIX IS -  set_tag <(0028,0051)> <> %%%"
"Tag: (0028,0100) US 1 Bits Allocated : has an unrecognized enumerated value (0x8) in index ","Tag: (0028,0100) US 1 Bits Allocated : has an unrecognized enumerated value (0x8) in index 
%%% FIX IS -  If (Rows (0028,0010) * Columns (0028,0011) * Bits Allocated (0028,0100)) / 8 = value in Pixel Data (7fe0,0010) then ignore this error. If the value does not match, then need to address with DICOM expert.
For example, if:
(0028,0010) = 512, (0028,0011) = 512, (0028,0100) = 8, (7fe0,0010)= 262144
(512*512*8)/8 = 262144; this equals the value in the Pixel Data (7fe0,0010)  and the error can be ignored. %%%"
"Tag: (0028,0100) US 1 Bits Allocated : has an unrecognized enumerated value (0x8) in index 1","Tag: (0028,0100) US 1 Bits Allocated : has an unrecognized enumerated value (0x8) in index 
%%% FIX IS -  If (Rows (0028,0010) * Columns (0028,0011) * Bits Allocated (0028,0100)) / 8 = value in Pixel Data (7fe0,0010) then ignore this error. If the value does not match, then need to address with DICOM expert.
For example, if:
(0028,0010) = 512, (0028,0011) = 512, (0028,0100) = 8, (7fe0,0010)= 262144
(512*512*8)/8 = 262144; this equals the value in the Pixel Data (7fe0,0010)  and the error can be ignored. %%%"
"Tag: (0028,0101) US 1 Bits Stored : has an unrecognized enumerated value (0xc) in index","Tag: (0028,0101) US 1 Bits Stored : has an unrecognized enumerated value (0xc) in index   %%% FIX IS -  If the values are in decimal (base 10) format in Quince, ignore error %%%"
"Tag: (0028,0102) US 1 High Bit : has an unrecognized enumerated value (0xb) in index 1","Tag: (0028,0102) US 1 High Bit : has an unrecognized enumerated value (0xb) in index 1 %%% FIX IS -  If the values are in decimal (base 10) format in Quince, ignore error %%%"
"Tag: (0028,0301) CS 1 Burned In Annotation : Missing Tag : Type 1 Required Element : DXImage","Tag: (0028,0301) CS 1 Burned In Annotation : Missing Tag : Type 1 Required Element : DXImage %%% FIX IS - set_tag <0028,0301)> <NO> %%%"
"Tag: (0028,0301) CS 1 Burned In Annotation : Missing Tag : Type 1C Conditional Element : EnhancedCTImage","Tag: (0028,0301) CS 1 Burned In Annotation : Missing Tag : Type 1 Required Element : EnhancedCTImage %%% FIX IS - set_tag <0028,0301)> <NO> %%%"
"Tag: (0028,1040) CS 1 Pixel Intensity Relationship : Missing Tag : Type 1 Required Element : DXImage ",
"Tag: (0028,1050) DS 1-n Window Center : May only be present in For Presentation images","Tag: (0028,1050) DS 1-n Window Center : May only be present in For Presentation images %%% FIX IS - ignore for X-Ray %%%"
"Tag: (0028,1051) DS 1-n Window Width : Value is zero for index 1","Tag: (0028,1051) DS 1-n Window Width : Value is zero for index 1 %%% FIX IS - 
A. For 8 bit US, set_tag <(0028,1051)> <256> & set_tag <(0028,1050)> <128> 
B. If Window width and Window Center are both <1, ignore error. 
C. Otherwise, if modality is MR with image type (0008,0008) containing ""diffusion"" and ""ADC"", ignore the error if it's only the first image and the other images display %%%
"
"Tag: (0028,1052) DS 1 Rescale Intercept : Empty attribute (no value) Type 1C Conditional Element per module ModalityLUTMacro",
"Tag: (0028,1052) DS 1 Rescale Intercept : has an unrecognized enumerated value",
"Tag: (0028,1052) DS 1 Rescale Intercept : Missing Tag : Type 1 Required Element : CTImage","Tag: (0028,1052) DS 1 Rescale Intercept : Missing Tag : Type 1 Required Element : CTImage %%% FIX IS - contact site. If this is not possible, delete series %%%"
"Tag: (0028,1053) DS 1 Rescale Slope : Empty attribute (no value) Type 1C Conditional Element per module ModalityLUTMacro","Tag: (0028,1053) DS 1 Rescale Slope : Empty attribute (no value) Type 1C Conditional Element per module ModalityLUTMacro %%% FIX IS - Ignore if modality is CR. If other modality, contact site. If not possible to contact site, ask Bill."
"Tag: (0028,1053) DS 1 Rescale Slope : Missing Tag : Type 1 Required Element : CTImage","Tag: (0028,1053) DS 1 Rescale Slope : Missing Tag : Type 1 Required Element : CTImage  %%% FIX IS - contact site. If this is not possible, delete series %%%"
"Tag: (0028,1054) LO 1 Rescale Type : Empty attribute (no value) Type 1C Conditional Element per module CTImage","Tag: (0028,1054) LO 1 Rescale Type : Empty attribute (no value) Type 1C Conditional Element per module CTImage %%% FIX IS - If the Multi-energy CT Acquisition (0018,9361) tag is YES - you can ask the site but if the site cannot answer, please check with DICOM staff. (I don't think you can ignore it).
If the Multi-energy CT Acquisition (0018,9361) tag is not YES, you can ask site for unit value Rescale type (0028,1054). If you cannot ask site, you can assume it is the default of HU. You can ignore error.
If the site says Rescale Type (0028,1054) tag is not HU, then set_tag to the value the site provides.
HU is the default, it's not required that we set the Rescale Type (0028,1054) tag to HU unless (0018,9361) is YES or the site says the tag is not HU. %%%"
"Tag: (0028,1054) LO 1 Rescale Type : If RescaleType is present, must be HU for ORIGINAL non- LOCALIZER images","Tag: (0028,1054) LO 1 Rescale Type : If RescaleType is present, must be HU for ORIGINAL non- LOCALIZER images %%% FIX IS - delete_tag <(0028,1054)> <> %%%"
"Tag : (0028,1054) LO 1 Rescale Type : If RescaleType is present, must be HU for ORIGINAL non-LOCALIZER images","Tag: (0028,1054) LO 1 Rescale Type : If RescaleType is present, must be HU for ORIGINAL non- LOCALIZER images %%% FIX IS - delete_tag <(0028,1054)> <> %%%"
"Tag: (0028,1054) LO 1 Rescale Type : If RescaleType is present, must be HU for ORIGINAL non-LOCALIZER images","Tag: (0028,1054) LO 1 Rescale Type : If RescaleType is present, must be HU for ORIGINAL non-LOCALIZER images %%% FIX IS - delete_tag <(0028,1054)> <> %%%"
"Tag: (0028,1054) LO 1 Rescale Type : If RescaleType is present and not multi-energy acquisition, must be HU for ORIGINAL non-LOCALIZER images","Tag: (0028,1054) LO 1 Rescale Type : If RescaleType is present and not multi-energy acquisition, must be HU for ORIGINAL non-LOCALIZER images %%% FIX IS - If not multi-energy acquisition, change to HU or appropriate value. If multi-energy acquisition, make sure (0018,9361) is set to “YES” %%%"
"Tag: (0028,1054) LO 1 Rescale Type : Missing Tag : Type 1C Conditional Element : ModalityLUTMacro",
"Tag: (0028,1101) US or SS 3 Red Palette Color Lookup Table Descriptor : is conditional and is present when condition not satisfied : per ImagePixelMacro module",
"Tag: (0028,1101) US or SS 3 Red Palette Color Lookup Table Descriptor : is conditional and is present when condition not satisfied : per ImagePixelDescriptionMacro module",
"Tag: (0028,1101) US or SS 3 Red Palette Color Lookup Table Descriptor : Missing Tag : Type 1C Conditional Element : ImagePixelMacro","Tag: (0028,1101) US or SS 3 Red Palette Color Lookup Table Descriptor : Missing Tag : Type 1C Conditional Element : ImagePixelMacro %%% FIX IS - Ignore Error. Check tag (0028,004) and if value is ""RGB"" then we SHOULD have a palette lookup table but it may not need to have it in TCIA. %%%"
"Tag: (0028,1102) US or SS 3 Green Palette Color Lookup Table Descriptor : is conditional and is present when condition not satisfied : per ImagePixelMacro module",
"Tag: (0028,1102) US or SS 3 Green Palette Color Lookup Table Descriptor : Missing Tag : Type 1C Conditional Element : ImagePixelMacro","Tag: (0028,1102) US or SS 3 Green Palette Color Lookup Table Descriptor : Missing Tag : Type 1C Conditional Element : ImagePixelMacro %%% FIX IS - Ignore Error. Check tag (0028,004) and if value is ""RGB"" then we SHOULD have a palette lookup table but it may not need to have it in TCIA. %%%"
"Tag: (0028,1102) US or SS 3 Green Palette Color Lookup Table Descriptor : is conditional and is present when condition not satisfied : per ImagePixelDescriptionMacro module",
"Tag: (0028,1103) US or SS 3 Blue Palette Color Lookup Table Descriptor : is conditional and is present when condition not satisfied : per ImagePixelMacro module",
"Tag: (0028,1103) US or SS 3 Blue Palette Color Lookup Table Descriptor : is conditional and is present when condition not satisfied : per ImagePixelDescriptionMacro module",
"Tag: (0028,1103) US or SS 3 Blue Palette Color Lookup Table Descriptor : Missing Tag : Type 1C Conditional Element : ImagePixelMacro","Tag: (0028,1103) US or SS 3 Blue Palette Color Lookup Table Descriptor : Missing Tag : Type 1C Conditional Element : ImagePixelMacro %%% FIX IS - Ignore Error. Check tag (0028,004) and if value is ""RGB"" then we SHOULD have a palette lookup table but it may not need to have it in TCIA. %%%"
"Tag: (0028,1201) OW 1 Red Palette Color Lookup Table Data : is conditional and is present when condition not satisfied : per ImagePixelMacro module",
"Tag: (0028,1201) OW 1 Red Palette Color Lookup Table Data : Missing Tag : Type 1C Conditional Element : ImagePixelMacro"," Tag: (0028,1201) OW 1 Red Palette Color Lookup Table Data : Missing Tag : Type 1C Conditional Element : ImagePixelMacro %%% FIX IS - Ignore Error. Check tag (0028,004) and if value is ""RGB"" then we SHOULD have a palette lookup table but it may not need to have it in TCIA. %%%"
"Tag: (0028,1201) OW 1 Red Palette Color Lookup Table Data : is conditional and is present when condition not satisfied : per ImagePixelDescriptionMacro module",
"Tag: (0028,1202) OW 1 Green Palette Color Lookup Table Data : is conditional and is present when condition not satisfied : per ImagePixelMacro module",
"Tag: (0028,1202) OW 1 Green Palette Color Lookup Table Data : Missing Tag : Type 1C Conditional Element : ImagePixelMacro","Tag: (0028,1202) OW 1 Green Palette Color Lookup Table Data : Missing Tag : Type 1C Conditional Element : ImagePixelMacro %%% FIX IS - Ignore Error. Check tag (0028,004) and if value is ""RGB"" then we SHOULD have a palette lookup table but it may not need to have it in TCIA. %%%"
"Tag: (0028,1202) OW 1 Green Palette Color Lookup Table Data : is conditional and is present when condition not satisfied : per ImagePixelDescriptionMacro module",
"Tag: (0028,1203) OW 1 Blue Palette Color Lookup Table Data : is conditional and is present when condition not satisfied : per ImagePixelMacro module",
"Tag: (0028,1203) OW 1 Blue Palette Color Lookup Table Data : is conditional and is present when condition not satisfied : per ImagePixelDescriptionMacro module",
"Tag: (0028,1203) OW 1 Blue Palette Color Lookup Table Data : Missing Tag : Type 1C Conditional Element : ImagePixelMacro","Tag: (0028,1203) OW 1 Blue Palette Color Lookup Table Data : Missing Tag : Type 1C Conditional Element : ImagePixelMacro %%% FIX IS - Ignore Error. Check tag (0028,004) and if value is ""RGB"" then we SHOULD have a palette lookup table but it may not need to have it in TCIA. %%%"
"Tag: (0028,2110) CS 1 Lossy Image Compression : has an unrecognized enumerated value (1) in index","Tag: (0028,2110) CS 1 Lossy Image Compression : has an unrecognized enumerated value (1) in index %%% FIX IS - set_tag <(0028,2110)> <01> <> %%%"
"Tag: (0028,3002) US or SS 3 LUT Descriptor : has an unrecognized enumerated value (0xc) in index 3 ","Tag: (0028,3002) US or SS 3 LUT Descriptor : has an unrecognized enumerated value (0xc) in index 3 %%% FIX IS - ignore for X-Ray %%%"
"Tag: (0028,3003) LO 1 LUT Explanation : Missing Tag : Type 1 Required Element : RealWorldValueMappingItemMacro",
"Tag: (0028,3010) SQ 1 VOI LUT Sequence : May only be present in For Presentation images ","Tag: (0028,3010) SQ 1 VOI LUT Sequence : May only be present in For Presentation images %%% FIX IS - Ignore for. X-Ray %%%"
"Tag: (0029,1110) : Invalid Value for VR : -2 : Character invalid for this VR : '-' (0x2d)","Tag: (0029,1110) : Invalid Value for VR : -2 : Character invalid for this VR : '-' (0x2d) %%% FIX IS - this is a private tag with disposition of D, you can delete or ignore tag %%%"
"Tag: (0029,1111) : Invalid Value for VR : -2 : Character invalid for this VR : '-' (0x2d)","Tag: (0029,1111) : Invalid Value for VR : -2 : Character invalid for this VR : '-' (0x2d) %%% FIX IS - this is a private tag with disposition of D, you can delete or ignore tag %%%"
"Tag: (0029,1112) : Invalid Value for VR : -2 : Character invalid for this VR : '-' (0x2d)","Tag: (0029,1112) : Invalid Value for VR : -2 : Character invalid for this VR : '-' (0x2d) %%% FIX IS - this is a private tag with disposition of D, you can delete or ignore tag %%%"
"Tag: (0029,1113) : Invalid Value for VR : -2 : Character invalid for this VR : '-' (0x2d)","Tag: (0029,1113) : Invalid Value for VR : -2 : Character invalid for this VR : '-' (0x2d) %%% FIX IS - this is a private tag with disposition of D, you can delete or ignore tag %%%"
"Tag: (0040,0031) UT 1 Local Namespace Entity ID : Empty attribute (no value) Type 1C Conditional Element per module HL7v2HierarchicDesignatorMacro","Tag: (0040,0031) UT 1 Local Namespace Entity ID : Empty attribute (no value) Type 1C Conditional Element per module HL7v2HierarchicDesignatorMacro %%% FIX IS - to look at DICOM dump and search for ""sequence"". If the sequence is empty and type 3, delete sequence. The tags in the sequence are likely to contain PHI and the sequence should be deleted. Please address with technical staff if the Sequence is not type 3; if there is other data in the sequence, it may contain PHI and should be carefully reviewed. %%%"
"Tag: (0040,0031) UT 1 Local Namespace Entity ID : Missing Tag : Type 1C Conditional Element : HL7v2HierarchicDesignatorMacro","Tag: (0040,0031) UT 1 Local Namespace Entity ID : Missing Tag : Type 1C Conditional Element : HL7v2HierarchicDesignatorMacro %%% FIX IS - to look at DICOM dump and search for ""sequence"". If the sequence is empty and type 3, delete sequence. The tags in the sequence are likely to contain PHI and the sequence should be deleted. Please address with technical staff if the Sequence is not type 3; if there is other data in the sequence, it may contain PHI and should be carefully reviewed. %%%"
"Tag: (0040,0032) UT 1 Universal Entity ID : Missing Tag : Type 1C Conditional Element : HL7v2HierarchicDesignatorMacro","Tag: (0040,0032) UT 1 Universal Entity ID : Missing Tag : Type 1C Conditional Element : HL7v2HierarchicDesignatorMacro %%% FIX IS - to look at DICOM dump and search for ""sequence"". If the sequence is empty and type 3, delete sequence. The tags in the sequence are likely to contain PHI and the sequence should be deleted. Please address with technical staff if the Sequence is not type 3; if there is other data in the sequence, it may contain PHI and should be carefully reviewed. %%%"
"Tag: (0040,0245) TM 1 Performed Procedure Step Start Time : Invalid Value for VR ","Tag: (0040,0245) TM 1 Performed Procedure Step Start Time : Invalid Value for VR %%% FIX IS - see DCIODVFY Errors and Fixes Document %%%"
"Tag: (0040,0555) SQ 1 Acquisition Context Sequence : Missing Tag : Type 2 Required Element : AcquisitionContext ","Tag: (0040,0555) SQ 1 Acquisition Context Sequence : Missing Tag : Type 2 Required Element : AcquisitionContext %%% FIX IS - set_tag <(0040,0555)> <> NOTE: When a sequence tag (ex. 0040,0555) is emptied or set_tag <>, it will result in ""no text value found"" in the PHI scan review; this is okay and there is no need to empty the tag (again) for those series.  %%%"
"Tag: (0040,08ea) SQ 1 Measurement Units Code Sequence : Missing Tag : Type 1 Required Element : RealWorldValueMappingItemMacro",
"Tag: (0040,9210) SH 1 LUT Label : Missing Tag : Type 1 Required Element : RealWorldValueMappingItemMacro",
"Tag: (0040,9211) US or SS 1 Real World Value Last Value Mapped : Missing Tag : Type 1C Conditional Element : RealWorldValueMappingItemMacro",
"Tag: (0040,9213) FD 1 Double Float Real World Value Last Value Mapped : Missing Tag : Type 1C Conditional Element : RealWorldValueMappingItemMacro",
"Tag: (0040,9214) FD 1 Double Float Real World Value First Value Mapped : Missing Tag : Type 1C Conditional Element : RealWorldValueMappingItemMacro",
"Tag: (0040,9216) US or SS 1 Real World Value First Value Mapped : Missing Tag : Type 1C Conditional Element : RealWorldValueMappingItemMacro",
"Tag: (0040,a040) CS 1 Value Type : Missing Tag : Type 1 Required Element : ContentItemMacro","Tag: (0040,a040) CS 1 Value Type : Missing Tag : Type 1 Required Element : ContentItemMacro %%% FIX IS - If Secondary Capture, ignore error. If not SC check with site if possible, otherwise, ignore.%%%"
"Tag: (0040,a043) SQ 1 Concept Name Code Sequence : Missing Tag : Type 1 Required Element : AcquisitionContext ",
"Tag: (0040,a043) SQ 1 Concept Name Code Sequence : Missing Tag : Type 1 Required Element : ContentItemMacro","Tag: (0040,a043) SQ 1 Concept Name Code Sequence : Missing Tag : Type 1 Required Element : ContentItemMacro %%% FIX IS - If Secondary Capture, ignore error. If not SC check with site if possible, otherwise, ignore.%%%"
"Tag: (0040,a075) PN 1 Verifying Observer Name : Empty attribute (no value) Type 1 Required Element per module SRDocumentGeneral. ","Tag: (0040,a075) PN 1 Verifying Observer Name : Empty attribute (no value) Type 1 Required Element per module SRDocumentGeneral. %%% FIX IS - If this error is present with missing tags (0040,a030), (0040,a027), (0040,a088) ignore but mark series bad during visual review. Contains SR document that may contain PHI - keeping images with modality SR is Collection dependent>"
"Tag: (0040,a123) PN 1 Person Name : Empty attribute (no value) Type 1C Conditional Element per module DocumentContentMacro ","Tag: (0040,a123) PN 1 Person Name : Empty attribute (no value) Type 1C Conditional Element per module DocumentContentMacro %%% FIX IS - delete_tag <(0040,a123)>  %%%"
"Tag: (0040,a160) UT 1 Text Value : Missing Tag : Type 1C Conditional Element : DocumentContentMacro ","Tag: (0040,a160) UT 1 Text Value : Missing Tag : Type 1C Conditional Element : DocumentContentMacro %%% FIX IS - delete_tag <(0040,a160)> %%%"
"Tag: (0040,a168) SQ 1 Concept Code Sequence : Missing Tag : Type 1 Required Element : CodeMacro","Tag: (0040,a168) SQ 1 Concept Code Sequence : Missing Tag : Type 1 Required Element : CodeMacro %%%  FIX IS - to look at DICOM dump and search for ""sequence"". If sequence is empty and type 3 or empty and sequence is optional, delete sequence. Otherwise, ignore error %%%"
"Tag: (0040,a168) SQ 1 Concept Code Sequence : Missing Tag : Type 1C Conditional Element : AcquisitionContext","Tag: (0040,a168) SQ 1 Concept Code Sequence : Missing Tag : Type 1C Conditional Element : AcquisitionContext %%% FIX IS -  If this error is present with missing tags (0040,a121), (0040,a123), (0040,a160), (0040,a122) the Acquisition Context Sequence is not correct, empty_tag (0040,0555) will likely remove the error. NOTE: When a sequence tag (ex. 0040,0555) is emptied, it will result in ""no text value found"" in the PHI scan review; this is okay and there is no need to empty the tag (again) for those series.  %%%"
"Tag: (0040,a168) SQ 1 Concept Code Sequence : is conditional and is present when condition not satisfied : per ContentItemMacro module","Tag: (0040,a168) SQ 1 Concept Code Sequence : is conditional and is present when condition not satisfied : per ContentItemMacro module %%% FIX IS - check if tag (0040,A040) has a value of ""CODE"". If the value ""CODE"" is present, this is a false error and can be ignored. If not, then the tag (0040,a168) is present but not required. Review the series, if useful values are present in the tag (0040,0555) sequence, then delete_tag (0040,0555)[0](0040,a168) where the value [0] is dependent on where the tag is populated in the sequence. If there isn't any thing of value in (0040,0555) sequence, then empty_tag (0040,0555) NOTE: When a sequence tag (ex. 0040,0555) is emptied, it will result in ""no text value found"" in the PHI scan review; this is okay and there is no need to empty the tag (again) for those series.  %%%"
"Tag: (0040,a170) SQ 1 Purpose of Reference Code Sequence : Missing Tag : Type 1 Required Element : SOPCommon ","Tag: (0040,a170) SQ 1 Purpose of Reference Code Sequence : Missing Tag : Type 1 Required Element : SOPCommon %%% FIX IS - If this error is present with missing tag (0008,0070) then delete_tag <(0018,a001)> %%%"
,
"Tag: (0040,a170) SQ 1 Purpose of Reference Code Sequence : Missing Tag : Type 2 Required Element : GeneralSeries","Tag: (0040,a170) SQ 1 Purpose of Reference Code Sequence : Missing Tag : Type 2 Required Element : GeneralSeries  %%%  FIX IS - to look at DICOM dump and search for ""sequence"". If sequence is empty and type 3 or empty and sequence is optional, delete sequence. Otherwise, ignore error %%%"
"Tag: (0040,a30a) DS 1-n Numeric Value : Missing Tag : Type 1C Conditional Element : AcquisitionContext",
"Tag: (0040,a730) SQ 1 Content Sequence : Empty attribute (no value) Type 1C Conditional Element per ","Tag: (0040,a730) SQ 1 Content Sequence : Empty attribute (no value) Type 1C Conditional Element per %%%  FIX IS -  to look at DICOM dump and search for ""sequence"". If sequence is empty and type 3 or empty and sequence is optional, delete sequence. Otherwise, ignore error %%%"
"Tag: (0050,0065) Unrecognized public tag: (0050,0065) ","Tag: (0050,0065) Unrecognized public tag: (0050,0065) %%% FIX IS - delete_tag <(0050,0065)> %%%"
"Tag: (0054,0010) US 1-n Energy Window Vector : is conditional and is present when condition not satisfied : per NMMultiFrame module","Tag: (0054,0010) US 1-n Energy Window Vector : is conditional and is present when condition not satisfied : per NMMultiFrame module 
%%% FIX IS - If you see this error with the following:
Tag: (0028,0009) AT 1-n Frame Increment Pointer : Missing Tag : Type 1 Required Element : NMMultiFrame
Tag: (0054,0020) US 1-n Detector Vector : is conditional and is present when condition not satisfied : per NMMultiFrame module
Tag: (0054,0090) US 1-n Angular View Vector : is conditional and is present when condition not satisfied : per NMMultiFrame module
Tag: (0054,0050) US 1-n Rotation Vector : is conditional and is present when condition not satisfied : per NMMultiFrame module
You will need to:
NOTES: Need to check if the imaging data is Big Endian or Little Endian in Tag (0002,0010); Need to convert the Hex Tags to Decimal values using a Hex to Decimal Converter like  the one found here: https://www.rapidtables.com/convert/number/hex-to-decimal.html; 
The value you enter for the Hex value is dependent on whether your data is Big Endian or Little Endian.  If it is Big Endian you enter the 4 digit group first then the 4 digit element like 00540020, but if it is Little Endian, you enter the 4 digit element first then the 4 digit group like 00200054. The Decimal value returned is what is entered into the val1 of the set_tag command.
A.    If tag (0054,0010) exists in the image header, set_tag (0028,0009)[0] <1048660> <> (where 1048660 is the decimal equivalent of 00100054 if the value in tag (0002,0010) is Little Endian or 5505040 if it is Big Endian). Note: if (0054,0010) doesn't exist, do not make the edit.
B.   If tag (0054,0020) exists in the image header, set_tag (0028,0009)[1] <2097236> <> (where 2097236 is the decimal equivalent of 00200054 if the value in tag (0002,0010) is Little Endian or 5505056 if it is Big Endian) Note: if (0054,0020) doesn't exist, do not make the edit.
C.   If tag (0054,0050) exists in the image header, set_tag (0028,0009)[2] <5242964> <> (where 5242964 is the decimal equivalent of 00500054 if the value in tag (0002,0010) is Little Endian or 5505104 if it is Big Endian) Note: if (0054,0050) doesn't exist, do not make the edit.
D.    If tag (0054,0090) exists in the image header, set_tag (0028,0009)[3] <9437268> <> (where 9437268 is the decimal equivalent of 00900054 if the value in tag (0002,0010) is Little Endian or 5505168 if it is Big Endian) Note: if (0054,0090) doesn't exist, do not make the edit.
%%%"
"Tag: (0054,0061) US 1 Number of R-R Intervals : is conditional and is present when condition not satisfied : per PETSeries module ","Tag: (0054,0061) US 1 Number of R-R Intervals : is conditional and is present when condition not satisfied : per PETSeries module %%% FIX IS - Delete_tag <(0054,0061)> <> <> if Tag (0054,1000), Value 1 is not GATED %%%"
"Tag: (0054,0071) US 1 Number of Time Slots : is conditional and is present when condition not satisfied : per PETSeries module ","Tag: (0054,0071) US 1 Number of Time Slots : is conditional and is present when condition not satisfied : per PETSeries module %%% FIX IS - Delete_tag <(0054,0071)> <> <> if Tag (0054,1000), Value 1 is not GATED %%%"
"Tag: (0054,0081) US 1 Number of Slices : is conditional and is present when condition not satisfied : per NMMultiFrame module","Tag: (0054,0081) US 1 Number of Slices : is conditional and is present when condition not satisfied : per NMMultiFrame module %%% FIX IS - If this error is present with the following: 
Tag: (0054,0080) US 1-n Slice Vector : is conditional and is present when condition not satisfied : per NMMultiFrame module
Tag: (0028,0009) AT 1-n Frame Increment Pointer : Missing Tag : Type 1 Required Element : NMMultiFrame --> tag missing
Lowest value in vector is not one for Attribute (0x0054,0x0080) Slice Vector, but rather is 9
Specified number of vector values does not match actual values in vector for Attribute (0x0054,0x0081) Number of Slices, which has value 16, whereas the highest value found in (0x0054,0x0080) Slice Vector is 9
You will Multiple the values in tags (0028,0010) and (0028,0011) (Rows and columns respectively) by the value in tag (0028,0100) (Bits Allocated)/8 and if it equals the value in tag (7fe0,0010) and the value in tag (0028,0008) (Number of Frames) = 1 – ignore the error (but check with Bill if you see this error)
Example:Value in (0028,0010) aka Rows is 128
Value in (0028,0011) aka Columns is also 128
Value in (0028,0100) aka Bits Allocated is 16
128*128*16=262144
262144/8=32768
Value in (7fe0,0010) aka Pixel Data is 32768
Value in (0028,0008) aka Number of Frames is 1"
"Tag: (0054,0101) US 1 Number of Time Slices : is conditional and is present when condition not satisfied : per PETSeries module",
"Tag: (0054,1004) CS 1 Reprojection Method : Missing Tag : Type 2C Conditional Element : PETSeries ","Tag: (0054,1004) CS 1 Reprojection Method : Missing Tag : Type 2C Conditional Element : PETSeries %%% FIX IS - set_tag <(0054,1004)> <> %%%"
"Tag: (0054,1300) DS 1 Frame Reference Time : Missing Tag : Type 1 Required Element : PETImage",
"Tag: (0054,1321) DS 1 Decay Factor : Missing Tag : Type 1C Conditional Element : PETImage",
"Tag: (0054,1321) DS 1 Decay Factor : Missing Tag : Type 1C Conditional Element : PETImage ","Tag: (0054,1321) DS 1 Decay Factor : Missing Tag : Type 1C Conditional Element : PETImage %%% FIX IS - if the file is a MIP then ignore error  - if not, ask site or Tracy/Bill%%%"
"Tag: (0054,1330) US 1 Image Index : Missing Tag : Type 1 Required Element : PETImage",
"Tag: (0070,0002) CS 1 Graphic Layer : Invalid Value for VR","Tag: (0070,0002) CS 1 Graphic Layer : Invalid Value for VR %%% FIX IS - if character invalid error, fix format OR if length is invalid, modify text to correct length %%%"
"Tag: (0070,0082) DA 1 Presentation Creation Date : Empty attribute (no value) Type 1 Required Element per module PresentationStateIdentification",
"Tag: (0070,0083) TM 1 Presentation Creation Time : Empty attribute (no value) Type 1 Required Element per module PresentationStateIdentification ",
"Tag: (0070,0102) IS 2 Presentation Pixel Aspect Ratio : Invalid Value for VR ","Tag: (0070,0102) IS 2 Presentation Pixel Aspect Ratio : Invalid Value for VR %%% FIX IS - if character invalid error, fix format OR if length is invalid, modify text to correct length %%%"
"Tag: (01f1,1002) : Invalid Value for VR : ","Tag: (01f1,1002) : Invalid Value for VR  %%% FIX IS - if character invalid error, fix format OR if length is invalid, modify text to correct length; delete_tag if cannot correct%%%"
"Tag: (01f1,1026) : Invalid Value for VR","Tag: (01f1,1026) : Invalid Value for VR %%% FIX IS - if character invalid error, fix format OR if length is invalid, modify text to correct length; delete_tag if cannot correct %%%"
"Tag: (0400,0550) SQ 1 Modified Attributes Sequence : Missing Tag : Type 1 Required Element : SOPCommon ","Tag: (0400,0550) SQ 1 Modified Attributes Sequence : Missing Tag : Type 1 Required Element : SOPCommon  %%% FIX IS -  If this error is present with missing tags (0040,0562), (0400,0563), (0400,0564) as well, Bad Sequence number of Items 2 (1 Required by Module definition) Element=<ModifiedAttributesSequence>  see DCIODVFY Errors and Fixes Document %%%"
"Tag: (0400,0562) DT 1 Attribute Modification DateTime : Missing Tag : Type 1 Required Element : SOPCommon ","Tag: (0400,0562) DT 1 Attribute Modification DateTime : Missing Tag : Type 1 Required Element : SOPCommon %%% FIX IS - If this error is present with missing tags (0040,0563), (0400,0565), (0400,0564) as well, then delete_tag <(0400,0561)> %%%"
"Tag: (200b,1027) : Invalid Value for VR : 30000101000000.000000 : Character invalid for this VR : '3' (0x33) ",
"Tag: (2050,0020) CS 1 Presentation LUT Shape : Missing Tag : Type 1 Required Element : DXImage",
"Tag: (2050,0020) CS 1 Presentation LUT Shape : Empty attribute (no value) Type 1 Required Element per module DXImage","Tag: (2050,0020) CS 1 Presentation LUT Shape : Empty attribute (no value) Type 1 Required Element per module DXImage %%% FIX IS - For Digital Mammography X-Ray Image Storage - For Presentation) - check tag (0028,0004) - if MONOCHROME2, set_tag (2050,0020) <IDENTITY>, if MONOCHROME1, set_tag (2050,0020) <INVERSE> %%%"
"Tag: (3004,0050) SQ 1 DVH Sequence : Missing Tag : Type 1 Required Element : RTDVH",
"Tag: (3004,000c) DS 2-n Grid Frame Offset Vector : is conditional and is present when condition not satisfied : per RTDose module","Tag: (3004,000c) DS 2-n Grid Frame Offset Vector : is conditional and is present when condition not satisfied : per RTDose module %%% FIX IS - For RTDOSE, If tag (0028,0009) is not present, it should be added. For RTDOSE only set_tag <(0028,0009)> <798724>. That value is the decimal equivalent of the 8 digit hex number 000c3004. You are setting the tag to indicate that tag 3004,000c is the tag that contains the Frame Increment Pointer. %%%"
"Tag: (300a,00d6) DS 1 Wedge Factor : Missing Tag : Type 2 Required Element : RTBeams","Tag: (300a,00d6) DS 1 Wedge Factor : Missing Tag : Type 2 Required Element : RTBeams %%% FIX IS - Ignore because Posda cannot make the necessary edit. The edit should be set_tag <(300a,00b0)[<0>](300a,00d1)[<1>](300a,00d6)>  - check to see if Posda has been updated to make this kind of edit%%%"
"Tag: (300e,0008) PN 1 Reviewer Name : is conditional and is present when condition not satisfied : per Approval module","Tag: (300e,0008) PN 1 Reviewer Name : is conditional and is present when condition not satisfied : per Approval module %%% FIX IS - Delete if Reviewer Name is not needed. Otherwise correct DICOM so necessary condition is satisfied %%%"
"Tag: (3006,002c) DS 1 ROI Volume : Invalid Value for VR : nan : Character invalid for this VR : 'n' (0x6e)","Tag: (3006,002c) DS 1 ROI Volume : Invalid Value for VR : nan : Character invalid for this VR : 'n' (0x6e) %%% FIX IS - empty_tag <(3006,002c)> <> <> %%%"
"Unrecognized public tag: (0008,0202) ","Unrecognized public tag: (0008,0202) %%% FIX IS - delete_tag <(0008,0202)>  %%%"
"Unrecognized public tag: (0010,9910) ","Unrecognized public tag: (0010,9910) %%% FIX IS - delete_tag <(0010,9910)> %%%"
"Unrecognized public tag: (0018,0061)","Unrecognized public tag: (0018,0061) %%% FIX IS - delete_tag <(0018,0061)> %%%"
"Unrecognized public tag: (0018,9445) ","Unrecognized public tag: (0018,9445) %%% FIX IS - delete_tag <(0018,9445)> %%%"
"Value invalid for this VR - (0x0040,0x0254) LO Performed Procedure Step Description","Value invalid for this VR - (0x0040,0x0254) LO Performed Procedure Step Description %%% FIX IS -
A.  Id that the value in this tag exists elsewhere in the image header (note: open the series in Quince and check the image header) then delete this tag 
B.  delete_tag <(0040,0254)> <> <>   %%%"
"Value invalid for this VR - (0x0008,0x3012) UI Radiopharmaceutical Administration Event UID  UI","Value invalid for this VR - (0x0008,0x3012) UI Radiopharmaceutical Administration Event UID  UI %%% FIX IS - 
A.    There is that there is a trailing “.” at the end of the UID.  You need to remove the trailing “.”.  
So figure out if the tag (0008,3012) is in a sequence like (0054,0016) and then set the tag appropriately
set_tag <(0008,3012)> <1.3.12.2.1107.5.1.4.11117> <>
set_tag <(0054,0016)[0](0008,3012)> <1.3.12.2.1107.5.1.4.11117> <>"
Invalid Value Representation Type 3 Optional Element,"Invalid Value Representation Type 3 Optional Element %%% FIX IS - this tag has an invalid value not allowed for the tag's VR. You can look at innolitics for correct possible values. If multiframe ultrasound, you can ignore. This error may also appear with error: ""Invalid Value Representation DS (IS Required). If so, Posda may have already coerced the tag to the correct VR. Check the bottom of the dump to see if has been coerced and this error can be ignored. %%%"
Invalid Value Representation DS (IS Required) Element,"Invalid Value Representation DS (IS Required) Element %%% FIX IS - this tag has an invalid value not allowed for the tag's VR. You can look at innolitics for correct possible values. If multiframe ultrasound, then the value has been coerced to IS.  Check the dump (at the bottom) to see if Posda has coerced it from DS to IS. If this has been done, you can ignore the error. %%%"