element,Flag action
"<(0004,1504)>",retired
"<(0004,1600)>",retired
"<(0008,0001)>",retired
"<(0008,0010)>",retired
"<(0008,0024)>",retired
"<(0008,0025)>",retired
"<(0008,0034)>",retired
"<(0008,0035)>",retired
"<(0008,0040)>",retired
"<(0008,0041)>",retired
"<(0008,0042)>",retired
"<(0008,0050)>",empty
"<(0008,0054)>",delete
"<(0008,1000)>",retired
"<(0008,1100)>",retired
"<(0008,1110)[<0>](0008,1150)> ",conditional
"<(0008,1130)>",retired
"<(0008,1145)>",retired
"<(0008,2110)>",retired
"<(0008,2200)>",retired
"<(0008,2204)>",retired
"<(0008,2208)>",retired
"<(0008,2229)>",retired
"<(0008,2240)>",retired
"<(0008,2242)>",retired
"<(0008,2244)>",retired
"<(0008,2246)>",retired
"<(0008,2251)>",retired
"<(0008,2253)>",retired
"<(0008,2255)>",retired
"<(0008,2256)>",retired
"<(0008,2257)>",retired
"<(0008,2258)>",retired
"<(0008,2259)>",retired
"<(0008,225a)>",retired
"<(0008,225c)>",retired
"<(0008,4000)>",retired
"<(0010,1000)>",retired
"<(0010,1050)>",retired
"<(0010,1090)>",retired
"<(0010,2160)>",conditional
"<(0010,4000)>",conditional
"<(0014,0023)>",retired
"<(0014,0024)>",retired
"<(0014,0045)>",retired
"<(0018,0030)>",retired
"<(0018,0032)>",retired
"<(0018,0033)>",retired
"<(0018,0037)>",retired
"<(0018,0039)>",retired
"<(0018,0061)>",retired
"<(0018,1000)>",empty
"<(0018,1010)>",delete
"<(0018,1011)>",retired
"<(0018,1017)>",retired
"<(0018,101a)>",retired
"<(0018,101b)>",retired
"<(0018,1141)>",retired
"<(0018,1146)>",retired
"<(0018,1200)>",delete
"<(0018,1240)>",retired
"<(0018,4000)>",retired
"<(0018,5021)>",retired
"<(0018,5030)>",retired
"<(0018,5040)>",retired
"<(0018,5210)>",retired
"<(0018,5212)>",retired
"<(0018,6038)>",retired
"<(0018,603a)>",retired
"<(0018,603c)>",retired
"<(0018,603e)>",retired
"<(0018,6040)>",retired
"<(0018,6042)>",retired
"<(0018,700a)>",delete
"<(0018,700c)>",delete
"<(0018,9096)>",retired
"<(0018,9166)>",retired
"<(0018,9195)>",retired
"<(0018,9196)>",retired
"<(0018,9324)>",retired
"<(0018,9445)>",retired
"<(0020,0010)>",empty
"<(0020,0011)>",conditional
"<(0020,0014)>",retired
"<(0020,0015)>",retired
"<(0020,0016)>",retired
"<(0020,0017)>",retired
"<(0020,0018)>",retired
"<(0020,0022)>",retired
"<(0020,0024)>",retired
"<(0020,0026)>",retired
"<(0020,0030)>",retired
"<(0020,0035)>",retired
"<(0020,0050)>",retired
"<(0020,0070)>",retired
"<(0020,0080)>",retired
"<(0020,00aa)>",retired
"<(0020,1000)>",retired
"<(0020,1001)>",retired
"<(0020,1003)>",retired
"<(0020,1004)>",retired
"<(0020,1005)>",retired
"<(0020,1020)>",retired
"<(0020,1070)>",retired
"<(0020,31xx)>",retired
"<(0020,3401)>",retired
"<(0020,3402)>",retired
"<(0020,3403)>",retired
"<(0020,3404)>",retired
"<(0020,3405)>",retired
"<(0020,3406)>",retired
"<(0020,5000)>",retired
"<(0020,5002)>",retired
"<(0022,1094)>",retired
"<(0022,1153)>",retired
"<(0022,1265)>",retired
"<(0022,1273)>",retired
"<(0028,0005)>",retired
"<(0028,0012)>",retired
"<(0028,0020)>",retired
"<(0028,0040)>",retired
"<(0028,0050)>",retired
"<(0028,005f)>",retired
"<(0028,0060)>",retired
"<(0028,0061)>",retired
"<(0028,0062)>",retired
"<(0028,0063)>",retired
"<(0028,0065)>",retired
"<(0028,0066)>",retired
"<(0028,0068)>",retired
"<(0028,0069)>",retired
"<(0028,0070)>",retired
"<(0028,0071)>",retired
"<(0028,0080)>",retired
"<(0028,0081)>",retired
"<(0028,0082)>",retired
"<(0028,0090)>",retired
"<(0028,0091)>",retired
"<(0028,0092)>",retired
"<(0028,0093)>",retired
"<(0028,0094)>",retired
"<(0028,0104)>",retired
"<(0028,0105)>",retired
"<(0028,0110)>",retired
"<(0028,0111)>",retired
"<(0028,0200)>",retired
"<(0028,0400)>",retired
"<(0028,0401)>",retired
"<(0028,0402)>",retired
"<(0028,0403)>",retired
"<(0028,0404)>",retired
"<(0028,04x0)>",retired
"<(0028,04x1)>",retired
"<(0028,04x2)>",retired
"<(0028,04x3)>",retired
"<(0028,0700)>",retired
"<(0028,0701)>",retired
"<(0028,0702)>",retired
"<(0028,0710)>",retired
"<(0028,0720)>",retired
"<(0028,0721)>",retired
"<(0028,0722)>",retired
"<(0028,0730)>",retired
"<(0028,0740)>",retired
"<(0028,08x0)>",retired
"<(0028,08x2)>",retired
"<(0028,08x3)>",retired
"<(0028,08x4)>",retired
"<(0028,08x8)>",retired
"<(0028,1080)>",retired
"<(0028,1100)>",retired
"<(0028,1111)>",retired
"<(0028,1112)>",retired
"<(0028,1113)>",retired
"<(0028,1200)>",retired
"<(0028,1211)>",retired
"<(0028,1212)>",retired
"<(0028,1213)>",retired
"<(0028,1214)>",retired
"<(0028,4000)>",retired
"<(0028,5000)>",retired
"<(0028,6030)>",retired
"<(0028,9099)>",retired
"<(0032,000a)>",retired
"<(0032,000c)>",delete
"<(0032,0012)>",retired
"<(0032,0032)>",retired
"<(0032,0033)>",retired
"<(0032,0034)>",retired
"<(0032,0035)>",retired
"<(0032,1000)>",retired
"<(0032,1001)>",retired
"<(0032,1010)>",retired
"<(0032,1011)>",retired
"<(0032,1020)>",retired
"<(0032,1021)>",retired
"<(0032,1030)>",retired
"<(0032,1040)>",retired
"<(0032,1041)>",retired
"<(0032,1050)>",retired
"<(0032,1051)>",retired
"<(0032,1055)>",retired
"<(0032,4000)>",retired
"<(0038,0004)>",retired
"<(0038,0011)>",retired
"<(0038,001a)>",retired
"<(0038,001b)>",retired
"<(0038,001c)>",retired
"<(0038,001d)>",retired
"<(0038,001e)>",retired
"<(0038,0030)>",retired
"<(0038,0032)>",retired
"<(0038,0040)>",retired
"<(0038,0044)>",retired
"<(0038,0061)>",retired
"<(0040,0253)>",delete
"<(0040,0300)>",retired
"<(0040,0301)>",retired
"<(0040,0307)>",retired
"<(0040,030e)>",retired
"<(0040,0330)>",retired
"<(0040,050a)>",retired
"<(0040,0550)>",retired
"<(0040,0552)>",retired
"<(0040,0553)>",retired
"<(0040,06fa)>",retired
"<(0040,08d8)>",retired
"<(0040,08da)>",retired
"<(0040,09f8)>",retired
"<(0040,1006)>",retired
"<(0040,1007)>",retired
"<(0040,1060)>",retired
"<(0040,2001)>",retired
"<(0040,2006)>",retired
"<(0040,2007)>",retired
"<(0040,4001)>",retired
"<(0040,4002)>",retired
"<(0040,4003)>",retired
"<(0040,4004)>",retired
"<(0040,4006)>",retired
"<(0040,4007)>",retired
"<(0040,4015)>",retired
"<(0040,4016)>",retired
"<(0040,4020)>",retired
"<(0040,4022)>",retired
"<(0040,4023)>",retired
"<(0040,4031)>",retired
"<(0040,4032)>",retired
"<(0040,a007)>",retired
"<(0040,a020)>",retired
"<(0040,a021)>",retired
"<(0040,a022)>",retired
"<(0040,a023)>",retired
"<(0040,a024)>",retired
"<(0040,a026)>",retired
"<(0040,a028)>",retired
"<(0040,a047)>",retired
"<(0040,a057)>",retired
"<(0040,a060)>",retired
"<(0040,a066)>",retired
"<(0040,a067)>",retired
"<(0040,a068)>",retired
"<(0040,a070)>",retired
"<(0040,a074)>",retired
"<(0040,a076)>",retired
"<(0040,a085)>",retired
"<(0040,a089)>",retired
"<(0040,a090)>",retired
"<(0040,a110)>",retired
"<(0040,a112)>",retired
"<(0040,a125)>",retired
"<(0040,a136)>",retired
"<(0040,a167)>",retired
"<(0040,a16a)>",retired
"<(0040,a172)>",retired
"<(0040,a173)>",retired
"<(0040,a174)>",retired
"<(0040,a192)>",retired
"<(0040,a193)>",retired
"<(0040,a194)>",retired
"<(0040,a224)>",retired
"<(0040,a290)>",retired
"<(0040,a296)>",retired
"<(0040,a297)>",retired
"<(0040,a29a)>",retired
"<(0040,a307)>",retired
"<(0040,a313)>",retired
"<(0040,a33a)>",retired
"<(0040,a340)>",retired
"<(0040,a352)>",retired
"<(0040,a353)>",retired
"<(0040,a354)>",retired
"<(0040,a358)>",retired
"<(0040,a380)>",retired
"<(0040,a402)>",retired
"<(0040,a403)>",retired
"<(0040,a404)>",retired
"<(0040,a600)>",retired
"<(0040,a601)>",retired
"<(0040,a603)>",retired
"<(0040,a731)>",retired
"<(0040,a732)>",retired
"<(0040,a744)>",retired
"<(0040,a992)>",retired
"<(0040,db06)>",retired
"<(0040,db07)>",retired
"<(0040,db0b)>",retired
"<(0040,db0c)>",retired
"<(0040,db0d)>",retired
"<(0048,0200)>",retired
"<(0048,0201)>",retired
"<(0048,0202)>",retired
"<(0054,1400)>",retired
"<(0054,1401)>",retired
"<(0066,0023)>",retired
"<(0066,0024)>",retired
"<(0066,0025)>",retired
"<(0066,0029)>",retired
"<(0070,0040)>",retired
"<(0070,0050)>",retired
"<(0070,0051)>",retired
"<(0070,0067)>",retired
"<(0070,1206)>",retired
"<(0070,1807)>",retired
"<(0070,1808)>",retired
"<(0074,1024)>",retired
"<(0074,1038)>",retired
"<(0074,103a)>",retired
"<(0074,1220)>",retired
"<(0074,1222)>",retired
"<(0088,0904)>",retired
"<(0088,0906)>",retired
"<(0088,0910)>",retired
"<(0088,0912)>",retired
"<(0400,0315)>",retired
"<(1000,xxx0)>",retired
"<(1000,xxx1)>",retired
"<(1000,xxx2)>",retired
"<(1000,xxx3)>",retired
"<(1000,xxx4)>",retired
"<(1000,xxx5)>",retired
"<(1010,xxxx)>",retired
"<(2000,0062)>",retired
"<(2000,0063)>",retired
"<(2000,0065)>",retired
"<(2000,0067)>",retired
"<(2000,0069)>",retired
"<(2000,006a)>",retired
"<(2000,0510)>",retired
"<(2020,0130)>",retired
"<(2020,0140)>",retired
"<(2040,0010)>",retired
"<(2040,0011)>",retired
"<(2040,0020)>",retired
"<(2040,0060)>",retired
"<(2040,0070)>",retired
"<(2040,0072)>",retired
"<(2040,0074)>",retired
"<(2040,0080)>",retired
"<(2040,0082)>",retired
"<(2040,0090)>",retired
"<(2040,0100)>",retired
"<(2040,0500)>",retired
"<(2100,0010)>",retired
"<(2100,0040)>",delete
"<(2100,0140)>",delete
"<(2100,0500)>",retired
"<(2110,0099)>",retired
"<(2120,0010)>",retired
"<(2120,0050)>",retired
"<(2120,0070)>",retired
"<(2130,0010)>",retired
"<(2130,0015)>",retired
"<(2130,0030)>",retired
"<(2130,0040)>",retired
"<(2130,0050)>",retired
"<(2130,0060)>",retired
"<(2130,0080)>",retired
"<(2130,00a0)>",retired
"<(2130,00c0)>",retired
"<(3004,0010)>",retired
"<(3006,0044)>",retired
"<(3006,0045)>",retired
"<(3006,0049)>",retired
"<(3006,0085)>",retired
"<(3006,0088)>",retired
"<(3006,00b9)>",retired
"<(3006,00c0)>",retired
"<(3006,00c2)>",retired
"<(3006,00c4)>",retired
"<(3008,002b)>",retired
"<(300a,000b)>",retired
"<(300a,0082)>",retired
"<(300a,0088)>",retired
"<(300a,0089)>",retired
"<(300a,008a)>",retired
"<(300a,008d)>",retired
"<(300a,008e)>",retired
"<(300a,008f)>",retired
"<(300a,0632)>",retired
"<(300a,0650)>",retired
"<(3010,0090)>",retired
"<(4000,0010)>",retired
"<(4000,4000)>",retired
"<(4008,0040)>",retired
"<(4008,0042)>",retired
"<(4008,0050)>",retired
"<(4008,00ff)>",retired
"<(4008,0100)>",retired
"<(4008,0101)>",retired
"<(4008,0102)>",retired
"<(4008,0103)>",retired
"<(4008,0108)>",retired
"<(4008,0109)>",retired
"<(4008,010a)>",retired
"<(4008,010b)>",retired
"<(4008,010c)>",retired
"<(4008,0111)>",retired
"<(4008,0112)>",retired
"<(4008,0113)>",retired
"<(4008,0114)>",retired
"<(4008,0115)>",retired
"<(4008,0117)>",retired
"<(4008,0118)>",retired
"<(4008,0119)>",retired
"<(4008,011a)>",retired
"<(4008,0200)>",retired
"<(4008,0202)>",retired
"<(4008,0210)>",retired
"<(4008,0212)>",retired
"<(4008,0300)>",retired
"<(4008,4000)>",retired
"<(50xx,0005)>",retired
"<(50xx,0010)>",retired
"<(50xx,0020)>",retired
"<(50xx,0022)>",retired
"<(50xx,0030)>",retired
"<(50xx,0040)>",retired
"<(50xx,0103)>",retired
"<(50xx,0104)>",retired
"<(50xx,0105)>",retired
"<(50xx,0106)>",retired
"<(50xx,0110)>",retired
"<(50xx,0112)>",retired
"<(50xx,0114)>",retired
"<(50xx,1001)>",retired
"<(50xx,2000)>",retired
"<(50xx,2002)>",retired
"<(50xx,2004)>",retired
"<(50xx,2006)>",retired
"<(50xx,2008)>",retired
"<(50xx,200a)>",retired
"<(50xx,200c)>",retired
"<(50xx,200e)>",retired
"<(50xx,2500)>",retired
"<(50xx,2600)>",retired
"<(50xx,2610)>",retired
"<(50xx,3000)>",retired
"<(60xx,0012)>",retired
"<(60xx,0052)>",retired
"<(60xx,0060)>",retired
"<(60xx,0061)>",retired
"<(60xx,0062)>",retired
"<(60xx,0063)>",retired
"<(60xx,0066)>",retired
"<(60xx,0068)>",retired
"<(60xx,0069)>",retired
"<(60xx,0110)>",retired
"<(60xx,0200)>",retired
"<(60xx,0800)>",retired
"<(60xx,0802)>",retired
"<(60xx,0803)>",retired
"<(60xx,0804)>",retired
"<(60xx,1100)>",retired
"<(60xx,1101)>",retired
"<(60xx,1102)>",retired
"<(60xx,1103)>",retired
"<(60xx,1200)>",retired
"<(60xx,1201)>",retired
"<(60xx,1202)>",retired
"<(60xx,1203)>",retired
"<(60xx,4000)>",retired
"<(7fe0,0020)>",retired
"<(7fe0,0030)>",retired
"<(7fe0,0040)>",retired
"<(7fxx,0010)>",retired
"<(7fxx,0011)>",retired
"<(7fxx,0020)>",retired
"<(7fxx,0030)>",retired
"<(7fxx,0040)>",retired
